category,original_id,input_story,ground_truth,generated_prompt,actual_llama3_1_8b,actual_deepseek-coder-v2_16b,actual_qwen2_5-coder_14b,actual_gemma2_9b,actual_phi3_5_latest;
"Class,1,""Create a class diagram for a library management system. Include classes such as Book, Member, Librarian, and illustrate relationships like Borrow, Return, Reserve, and Manage Inventory."",""classDiagram";
  Class Book;
  Class Member;
  Class Librarian;
;
  Book -- Borrow;
  Book -- Return;
  Book -- Reserve;
"  Librarian -- Manage Inventory"",""";
Generate a valid, syntactically correct MermaidJS Class.;
;
Input Description: Create a class diagram for a library management system. Include classes such as Book, Member, Librarian, and illustrate relationships like Borrow, Return, Reserve, and Manage Inventory.;
;
Specific Rules for this Diagram:;
;
- Logic: Focus on Entities, Attributes, and Relationships (1:1, 1:N).;
- Syntax: Use '+' for public, '-' for private members.;
- Relationships: Use '--' for association, '-->' for inheritance, and '*--' for composition.;
- Start with: 'classDiagram';
;
;
Format: Respond ONLY with the MermaidJS code block. No conversation.;
,```mermaid;
classDiagram;
    class Book {;
        +title: string;
        +author: string;
        -published_date: Date;
        -isbn: string;
    };
;
    class Member {;
        +name: string;
        +email: string;
        -member_id: int;
    };
;
    class Librarian {;
        +name: string;
        +email: string;
        -librarian_id: int;
        *-- manages: Library;
    };
;
    class Library {;
        *-- has: Book[];
        *-- has: Member[];
    };
;
    class Borrow {;
        *-- relates: Book;
        *-- relates: Member;
    };
;
    class Return {;
        *-- relates: Borrow;
    };
;
    class Reserve {;
        *-- relates: Book;
        *-- relates: Member;
    };
;
    Library <|.. Librarian;
;
"    Member *-- """"Borrows"""" : 1 Book";
"    Book *-- """"Belongs to"""" : 0..* Return";
;
"    Member *-- """"Reserves"""" : 1 Book";
"    Book *-- """"Is reserved by"""" : 0..* Reserve";
;
"    Librarian *-- """"Manages Inventory of"""" : 1 Library";
"    Library *-- """"Has inventory managed by"""" : 1 Librarian";
"```"","" ```mermaid";
classDiagram;
  class Book {;
    -String title;
    -String author;
    -int ISBN;
    +borrow();
    +reserve();
  };
  ;
  class Member {;
    -String name;
    -int memberID;
    +borrowBook(Book);
    +returnBook(Book);
  };
  ;
  class Librarian {;
    -String name;
    -int employeeID;
    +manageInventory();
    +reserveBook(Book, Member);
  };
  ;
  Book --* Member : Borrowed by;
  Book --* Member : Reserved by;
  Librarian --> Book : Manages inventory of;
"```"",""```mermaid";
classDiagram;
;
class Book {;
    +String title;
    +String author;
    +int isbn;
    -boolean isAvailable;
};
;
class Member {;
    +String name;
    +int memberId;
    +String contactInfo;
};
;
class Librarian {;
    +String name;
    +int librarianId;
    +String department;
};
;
class Borrow {;
    +borrowBook(member: Member, book: Book): void;
};
;
class Return {;
    +returnBook(book: Book): void;
};
;
class Reserve {;
    +reserveBook(member: Member, book: Book): void;
};
;
class ManageInventory {;
    +addBook(book: Book): void;
    +removeBook(isbn: int): void;
};
;
Member --> Borrow: borrows*;
Member --> Reserve: reserves*;
Librarian --> ManageInventory: manages*;
Borrow -- Book: uses;
Return -- Book: returns;
Reserve -- Book: reserves;
"```"",""```mermaid";
classDiagram;
    Book -- Borrow --> Member;
    Book -- Reserve --> Member;
    Member -- Return --> Book;
    Librarian -- Manage Inventory --> Book;
;
    class Librarian {;
        + name;
        + id;
        - tasks;
    };
    class Member {;
        + name;
        + id;
        + address;
        - borrowedBooks;
    };
    class Book {;
        + title;
        + author;
        + isbn;
        + available: boolean;
    };
"```"",""```mermaid";
classDiagram;
addClass DeclarativeClassDefinition;
;
class Book {;
    +title String;
    +author String;
    -isAvailable Boolean;
};
;
class Member extends Person{;
    +memberId Int;
    --books: List<Book> // Association with books, a member can borrow multiple books (1-N);
    ;
    method Borrow(book : Book){/* Implementation here */};
    method Return(book : Book){/* Implementation here */};
    method Reserve(book : Book){/* Implementation here */};
};
;
class Librarian extends Employee{ // Inheritance from a generic employee class, if present in the system.;
    ;
    +section ManageInventory()// Function to manage books (not part of object model);
    ;
    method CheckAvailability(book : Book){/* Implementation here */};
    /* Other methods for managing library resources can go here */;
};
"```""";
"Class,13,""Create a class diagram for a library management system. Include classes such as Book, Member, Librarian, and illustrate relationships like Borrow, Return, and Manage Inventory."",""classDiagram";
  class Book {;
    + title;
    + author;
    + ISBN;
    + availability;
    + checkOut();
    + checkIn();
  };
  class Member {;
    + name;
    + memberID;
    + borrow();
    + return();
  };
  class Librarian {;
    + name;
    + staffID;
    + manageInventory();
  };
;
  Book <-- borrow;
  Book <-- return;
"  Librarian <-- manageInventory"",""";
Generate a valid, syntactically correct MermaidJS Class.;
;
Input Description: Create a class diagram for a library management system. Include classes such as Book, Member, Librarian, and illustrate relationships like Borrow, Return, and Manage Inventory.;
;
Specific Rules for this Diagram:;
;
- Logic: Focus on Entities, Attributes, and Relationships (1:1, 1:N).;
- Syntax: Use '+' for public, '-' for private members.;
- Relationships: Use '--' for association, '-->' for inheritance, and '*--' for composition.;
- Start with: 'classDiagram';
;
;
Format: Respond ONLY with the MermaidJS code block. No conversation.;
,```mermaid;
classDiagram;
    class Book {;
        +title: string;
        +author: string;
        -isbn: string;
    };
    class Member {;
        +id: int;
        +name: string;
        +email: string;
    };
    class Librarian extends Member {;
        +login: string;
        +password: string;
    };
    class Borrow {;
        *-- book: Book;
        *-- member: Member;
    };
    class Return {;
        *-- borrow: Borrow;
    };
    class ManageInventory {;
        *-- book: Book;
    };
;
"    Member """"1"""" o--* """"Borrow"""" : has many borrows";
"    Librarian """"-->"""" +Member : extends Member";
"    Book """"..>"""" -ManageInventory : manages inventory";
"    Return """"--*"""" +Borrow : returns borrow";
"```"","" ```mermaidjs";
classDiagram;
  class Book {;
    -String title;
    -String author;
    -int ISBN;
    +borrow();
    +return();
  };
;
  class Member {;
    -String name;
    -int memberID;
    +borrowBook(Book);
    +returnBook(Book);
  };
;
  class Librarian {;
    -String name;
    -int employeeID;
    +manageInventory(Book);
  };
;
  Book --> Member : Borrow;
  Book --> Member : Return;
  Librarian --> Book : Manage Inventory;
"```"",""```mermaid";
classDiagram;
    class Book {;
        +int id;
        +String title;
        +String author;
        +boolean isAvailable;
        -checkAvailability() boolean;
    };
;
    class Member {;
        +int memberId;
        +String name;
        +String email;
        +borrowBook(Book) void;
        +returnBook(Book) void;
    };
;
    class Librarian {;
        +int librarianId;
        +String name;
        +manageInventory() void;
    };
;
    class Borrow {;
        +Member member;
        +Book book;
        +Date borrowDate;
    };
;
    class Return {;
        +Member member;
        +Book book;
        +Date returnDate;
    };
;
    class InventoryManagement {;
        +List~Book~ books;
        +addBook(Book) void;
        +removeBook(Book) void;
    };
;
"    Book """"1"""" -- """"*"""" Borrow : has";
"    Book """"1"""" -- """"*"""" Return : has";
"    Member """"1"""" -- """"*"""" Borrow : borrows";
"    Member """"1"""" -- """"*"""" Return : returns";
"    Librarian """"1"""" *-- """"1"""" InventoryManagement : manages";
"```"",""```mermaid";
classDiagram;
"    Book -- """"Borrow"""" Member";
    Book <|-- Fiction;
    Book <|-- NonFiction;
    Member --> Librarian;
"    Librarian -- """"*"""" ManageInventory Book ";
"```"",""```mermaid";
classDiagram;
"CLASS """"Book""""";
public strTitle : String;
private intISBNNumber;
protected floatPublicationYear;
end;
;
"class """"Member""""";
#NAME?;
#NAME?;
#NAME?;
END;
;
"class """"Librarian"""" EXTENDS """"Person""""";
public strSpecializationArea : String;
private List<String> favoriteBooksList;
end;
;
"class """"BorrowableItem"""" abstract";
-strDescription: string //abstract attribute, not visible in the diagram.;
#NAME?;
END;
;
"CLASS """"Book"""" IS_TO """"<BorrowableItem>""""";
*-- Members AS BOOKS [10] (Composition);
--> Librarian {canManage} //Librarians can manage borrowing process for books.;
classDiagram;
"```""";
"Class,23,""Create a class diagram for a library management system. Include classes such as Book, Patron, Librarian, and illustrate relationships such as Borrow, Return, and Manage Inventory."",""classDiagram";
  Class Book{;
    +title: string;
    +author: string;
    +ISBN: string;
    +available: boolean;
  };
;
  Class Patron{;
    +name: string;
    +libraryCardNumber: string;
  };
;
  Class Librarian{;
    +name: string;
    +employeeID: string;
  };
;
  Book <-- Borrow;
  Book <-- Return;
"  Librarian <-- Manage Inventory"",""";
Generate a valid, syntactically correct MermaidJS Class.;
;
Input Description: Create a class diagram for a library management system. Include classes such as Book, Patron, Librarian, and illustrate relationships such as Borrow, Return, and Manage Inventory.;
;
Specific Rules for this Diagram:;
;
- Logic: Focus on Entities, Attributes, and Relationships (1:1, 1:N).;
- Syntax: Use '+' for public, '-' for private members.;
- Relationships: Use '--' for association, '-->' for inheritance, and '*--' for composition.;
- Start with: 'classDiagram';
;
;
Format: Respond ONLY with the MermaidJS code block. No conversation.;
,```mermaid;
classDiagram;
    class Book {;
        +title: string;
        +author: string;
        -borrowedBy: Patron;
    };
;
    class Patron {;
        +name: string;
        +id: integer;
        -booksBorrowed: Book[];
    };
;
    class Librarian {;
        +name: string;
        +username: string;
        -patronsManaged: Patron[];
    };
;
    class Borrowing {;
        *--Book;
        *--Patron;
        --book: Book;
        --patron: Patron;
    };
;
    class Returning {;
        *--Borrowing;
        *--Book;
        *--Patron;
        --borrowing: Borrowing;
        --book: Book;
        --patron: Patron;
    };
;
"    Librarian """"1"""" o--* Patron : manages";
"    Patron """"1"""" o--* Borrowing : borrows";
"    Borrowing """"-->"""" Book";
"    Borrowing """"-->"""" Patron";
;
    class Inventory {;
        *--Book;
        -booksInStock: Book[];
    };
;
"    Librarian """"..>Inventory"""" : manages";
"```"","" ```mermaid";
classDiagram;
  class Book {;
    - ISBN: String;
    + title: String;
    + author: String;
    + publisher: String;
    + year: int;
    + isAvailable: boolean;
    + borrow();
    + return();
  };
  ;
  class Patron {;
    - patronID: String;
    + name: String;
    + email: String;
    + borrowedBooks: List<Book>;
    + borrow(book: Book);
    + return(book: Book);
  };
  ;
  class Librarian {;
    - librarianID: String;
    + name: String;
    + contactInfo: String;
    + manageInventory();
  };
  ;
  Book --> Patron: borrowedBy;
  Book --> Librarian: managedBy;
  Librarian --> Patron: managesPatron;
"```"",""```mermaid";
classDiagram;
;
class Book {;
    +int id;
    +string title;
    +string author;
    +bool isAvailable;
};
;
class Patron {;
    +int id;
    +string name;
    +string contactInfo;
    +borrowBook(Book book): void;
    +returnBook(Book book): void;
};
;
class Librarian {;
    +int id;
    +string name;
    +manageInventory(): void;
    --* Book~1..*~;
    --* Patron~1..*~;
};
;
Patron --> Borrow : borrows;
Patron --> Return : returns;
Librarian --> Manage Inventory : manages;
"```"",""```mermaid";
classDiagram;
  Book +title: String;
  Book +author: String;
  Book +ISBN: String;
  Patron +name: String;
  Patron +address: String;
  Patron +phone: String;
  Librarian +name: String;
  Librarian +position: String;
;
  Book '*--' Loan;
  Loan --> Borrow;
  Borrow '-->' Patron;
  Borrow '-->' Book;
  Patron '-borrowedBooks:' List<Loan>;
  Librarian '-manageInventory:' List<Book>;
;
  Librarian '--' ManageInventory;
;
;
;
"```"",""```mermaid";
classDiagram;
class Person {;
    +name : string;
};
;
class LibraryEmployee extends Person{;
    -employeeID : int;
    +role : string;
#NAME?;
};
;
class Book {;
    +title : String;
    +author : String;
    +ISBN : String;
};
;
class Patron {;
    +patronName : string;
    +borrowedBooks : Array<string> // Assuming the ISBN of books is used as reference here. ;
                                // For strong typing, consider using a separate class like 'Borrow' or similar in practice.;
};
;
class Librarian extends LibraryEmployee { };
    ;
class Borrow {;
    +borrower : Patron;
    --+bookReference : string // Reference to the ISBN of borrowed book for simplicity here, but consider a reference type that can handle books object directly or an array. ;
};
;
class ReturnRequest {;
    -returnDate : Date? nullable (optional);
                   +requestor: Patron;
+statusCode: int // Indicates the status of return request e.g., accepted, pending etc.;
    ;
}+isReturnScheduled: boolean -- This field indicates if a scheduled date for book return has been arranged. ;
};
;
class Inventory {;
    +totalBooks : Array<string>  ;
                                // Reference to the ISBN of books in inventory. Could be more robust with object references instead, but simplified here as per constraint requirements.    ;
#NAME?;
-checkedOutStatuses: Map<String, boolean>(ISBN -> status)   ;
} ;
"```""";
"Class,25,""Develop a use case diagram for an online shopping system. Include actors such as Customer, Admin, Payment Gateway, and illustrate use cases such as Browse Products, Add to Cart, Manage Inventory."",""classDiagram";
  Class Customer{;
    +name: string;
    +email: string;
  };
;
  Class Admin{;
    +name: string;
    +username: string;
  };
;
  Class PaymentGateway{;
    +name: string;
    +apiKey: string;
  };
;
  Customer --> Browse Products;
  Customer --> Add to Cart;
  Admin --> Manage Inventory;
"  PaymentGateway --> Process Payment"",""";
Generate a valid, syntactically correct MermaidJS Class.;
;
Input Description: Develop a use case diagram for an online shopping system. Include actors such as Customer, Admin, Payment Gateway, and illustrate use cases such as Browse Products, Add to Cart, Manage Inventory.;
;
Specific Rules for this Diagram:;
;
- Logic: Focus on Entities, Attributes, and Relationships (1:1, 1:N).;
- Syntax: Use '+' for public, '-' for private members.;
- Relationships: Use '--' for association, '-->' for inheritance, and '*--' for composition.;
- Start with: 'classDiagram';
;
;
Format: Respond ONLY with the MermaidJS code block. No conversation.;
,```mermaid;
classDiagram;
;
    class Customer {;
        +customerID : int;
        +username : string;
        +password : string;
        -shippingAddress : string;
        -billingAddress : string;
    };
;
    class Admin {;
        +adminID : int;
        +username : string;
        +password : string;
        -permissions : array<string>;
    };
;
    class PaymentGateway {;
        +paymentGatewayID : int;
        +name : string;
        -supportedPaymentMethods : array<string>;
    };
;
    class Product {;
        +productID : int;
        +name : string;
        +price : decimal;
        -description : string;
    };
;
    class Order {;
        +orderID : int;
        +customerID : Customer;
        +totalCost : decimal;
        -products : array<Product>;
    };
;
    class Inventory {;
        +inventoryID : int;
        +productID : Product;
        -quantity : int;
    };
;
    class Cart {;
        +cartID : int;
        +customerID : Customer;
        -products : array<Product>;
    };
;
"    Customer """"-->""""  Customer";
"    Admin """"-->""""  Admin";
"    PaymentGateway """"-->""""  PaymentGateway";
;
"    Customer """"1..*"""" --* Order";
"    Order """"--"""" Product";
;
"    Admin """"--"""" Order";
"    PaymentGateway """"--"""" Order";
;
    class BrowseProducts {;
        +description : string;
    };
;
    class AddToCart {;
        +description : string;
    };
;
    class ManageInventory {;
        +description : string;
    };
"```"","" ```mermaid";
classDiagram;
  class Customer {;
    -name: string;
    -email: string;
    +browseProducts(): void;
    +addToCart(productId: int): void;
    +checkout(): void;
  };
;
  class Admin {;
    -username: string;
    -password: string;
    +manageInventory(): void;
    +updateProductDetails(productId: int, details: object): void;
  };
;
  class PaymentGateway {;
    -apiKey: string;
    +processPayment(amount: float): boolean;
  };
;
  Customer --* Product : browses;
  Admin --> Product : manages;
  Customer --> Cart : has a;
  Cart --> Product : contains;
  Customer --> Order : places;
  PaymentGateway --> Order : processes payment for;
"```"",""```mermaid";
classDiagram;
;
    class Customer {;
        +string name;
        +string email;
        +placeOrder();
        +browseProducts();
        +addToCart();
    };
;
    class Admin {;
        +string username;
        +string password;
        +manageInventory();
    };
;
    class PaymentGateway {;
        -string apiKey;
        +processPayment();
    };
;
    class Product {;
        +int id;
        +string name;
        +double price;
        +int stockQuantity;
    };
;
    class CartItem {;
        +Product product;
        +int quantity;
    };
;
    class Order {;
        +Customer customer;
        +List~CartItem~ items;
        +double totalAmount;
        +place();
    };
;
    Customer --> Order : *--;
"    Customer """"1"""" -- """"N"""" Product : browseProducts";
"    Customer """"1"""" -- """"N"""" CartItem : addToCart";
"    Admin """"1"""" -- """"N"""" Product : manageInventory";
    PaymentGateway --> Order : processPayment;
;
"```"",""```mermaid";
classDiagram;
Customer -- Browse Products : Customer ;
Customer -- Add to Cart : Customer;
Customer --> Payment Gateway;
Admin --> Manage Inventory : Admin;
Payment Gateway --> Process Payment : Payment Gateway;
;
"```"",""```mermaid";
classDiagram;
;
class Customer {;
    +username : String;
    +email   : String;
};
;
class Admin extends Employee {;
    -password : Secret;
};
;
class PaymentGateway {;
    +transactionId : UUID;
};
;
class Product {;
    @inheritFrom(Customer) username : String;
    name      : String;
    price     : Number;
};
;
class ShoppingCart extends List of Customer implements AddToCart {;
    -items                   //private list, not visible outside the class (hidden attribute in diagrams but shown here for clarity due to syntax requirement);
    ;
    +addItem(product: Product): void;
    +removeItem(): int[]            //returns item IDs being removed;
};
;
class BrowseProducts {;
    -searchCriteria : String or None;
  ;
    public browse() {};
};
;
class AddToCart extends UseCase from ShoppingCart implements ManageInventory, Customer {;
    ;
    +cartId                 //private identifier for the shopping cart entity within this use case context (hidden attribute);
;
    +addItem(product: Product): void         ;
            -trigger BrowseProducts.browse()        ;
};
"```""";
"Class,29,""Create a class diagram for a library management system. Include classes such as Book, Member, Librarian, and illustrate relationships such as borrowing books, returning books, and managing inventory."",""classDiagram";
  Class Book{;
    +title: string;
    +author: string;
  };
;
  Class Member{;
    +name: string;
    +membershipId: string;
  };
;
  Class Librarian{;
    +name: string;
    +employeeId: string;
  };
;
  Book -- Member: Borrow;
  Member -- Book: Return;
"  Librarian -- Book: Manage Inventory"",""";
Generate a valid, syntactically correct MermaidJS Class.;
;
Input Description: Create a class diagram for a library management system. Include classes such as Book, Member, Librarian, and illustrate relationships such as borrowing books, returning books, and managing inventory.;
;
Specific Rules for this Diagram:;
;
- Logic: Focus on Entities, Attributes, and Relationships (1:1, 1:N).;
- Syntax: Use '+' for public, '-' for private members.;
- Relationships: Use '--' for association, '-->' for inheritance, and '*--' for composition.;
- Start with: 'classDiagram';
;
;
Format: Respond ONLY with the MermaidJS code block. No conversation.;
,```mermaid;
classDiagram;
    class Book {;
        +title: string;
        +author: string;
        +isbn: string;
        -borrowed: boolean;
    };
;
    class Member {;
        +name: string;
        +email: string;
        -balance: float;
    };
;
    class Librarian {;
        +name: string;
        +email: string;
    };
;
"    Book o--* BorrowRecord : """"Book is borrowed by Member""""";
"    Member *--* BorrowRecord : """"Member borrows many Books""""";
"    Librarian *--* Inventory : """"Librarian manages Inventory of Books""""";
;
    class Inventory {;
        +bookCount: int;
    };
;
    class BorrowRecord {;
        +borrowDate: date;
        -returnDate: date;
"        -- Book : """"One Borrow Record relates to one Book""""";
"        -- Member : """"One Borrow Record relates to one Member""""";
    };
```;
;
"This MermaidJS code defines the classes and relationships of a library management system. It uses 1:N associations (o--*) for borrowing books, N:1 associations (*)--* for inventory management, and composition relationships (*--) for the relationship between Librarian and Inventory."","" ```mermaid";
classDiagram;
    class Book {;
        -String title;
        -String author;
        -int ISBN;
        +borrow();
        +return();
    };
    ;
    class Member {;
        -String name;
        -int memberID;
        +borrowBook(Book);
        +returnBook(Book);
    };
    ;
    class Librarian {;
        -String name;
        -int employeeID;
        +manageInventory();
        +issueBook(Book, Member);
        +receiveReturnedBook(Book);
    };
    ;
    Book <|-- BorrowingHistory : has;
    Book --> Member : borrowedBy;
    Librarian --> Book : manages;
    Member --* Book : borrows;
"```"",""```mermaid";
classDiagram;
    class Book {;
        +String title;
        +String author;
        +int isbn;
        -boolean isAvailable;
        +borrowBook();
        +returnBook();
    };
;
    class Member {;
        +String name;
        +int memberId;
        +String email;
        *-- ArrayList~Book~ borrowedBooks;
        +borrow(Book book);
        +returnBook(Book book);
    };
;
    class Librarian {;
        +String name;
        +int librarianId;
        +ArrayList~Member~ members;
        +manageInventory();
        +addBook(Book book);
        +removeBook(Book book);
    };
;
    Member --> Book : borrows;
    Librarian --* Member : manages;
    Librarian --* Book : manages inventory;
"```"",""```mermaid";
classDiagram;
    class Book {;
        +title;
        +author;
        +isbn;
        +available ;
    };
    class Member {;
        +name;
        +membershipID;
        +booksBorrowed -- * Book;
    };
    class Librarian {;
        +name;
        +librarianID;
        --> Member ;
    };
    Book *-- Inventory;
"```"",""```mermaid";
classDiagram;
;
class Book {;
    +title: string;
    +author: string;
    +ISBN: string;
"    -status: """"Available"""" | """"Borrowed"""" // Private attribute indicating the current status of the book (either available or borrowed)";
};
;
class Member {;
    +name: string;
    +memberID: number;
    ;
    function borrowBook(book: Book): void {};
    function returnBook(): void {};
};
;
class Librarian extends Employee { // Inheritance from a hypothetical 'Employee' class (not shown);
    -- Member : borrows and returns books through methods, also manages inventory;
    ;
    +manageInventory(book: Book): boolean {};
};
;
class Library {;
    -inventory: Array of Books // Composition indicating the library owns a collection of borrowed/available books (not just individual items);
};
"```""";
"Class,34,""Create a use case diagram for an online banking system. Include actors such as Customer, Bank Teller, and use cases such as Deposit, Withdraw, Transfer Funds."",""classDiagram";
  Class Customer{;
    +name: string;
  };
;
  Class BankTeller{;
    +name: string;
  };
;
  Class Deposit{;
    +amount: decimal;
  };
;
  Class Withdraw{;
    +amount: decimal;
  };
;
  Class TransferFunds{;
    +amount: decimal;
  };
;
  Customer --> Deposit: Perform Deposit;
  Customer --> Withdraw: Perform Withdraw;
  Customer --> TransferFunds: Perform Transfer;
  BankTeller --> Deposit: Perform Deposit;
  BankTeller --> Withdraw: Perform Withdraw;
"  BankTeller --> TransferFunds: Perform Transfer"",""";
Generate a valid, syntactically correct MermaidJS Class.;
;
Input Description: Create a use case diagram for an online banking system. Include actors such as Customer, Bank Teller, and use cases such as Deposit, Withdraw, Transfer Funds.;
;
Specific Rules for this Diagram:;
;
- Logic: Focus on Entities, Attributes, and Relationships (1:1, 1:N).;
- Syntax: Use '+' for public, '-' for private members.;
- Relationships: Use '--' for association, '-->' for inheritance, and '*--' for composition.;
- Start with: 'classDiagram';
;
;
Format: Respond ONLY with the MermaidJS code block. No conversation.;
,```mermaid;
classDiagram;
    class Customer {;
        +customerID: int;
        +name: string;
        +email: string;
        -password: string;
    };
    ;
    class BankTeller {;
        +tellerID: int;
        +name: string;
        +email: string;
    };
    ;
    class Account {;
        +accountNumber: int;
        +balance: float;
        *-transactions: Transaction[];
    };
    ;
    class Transaction {;
        +transactionID: int;
        +type: string (Deposit | Withdraw);
        +amount: float;
        *-accounts: Account[];
    };
    ;
    class UseCase {;
        -name: string;
        -description: string;
    };
    ;
    Customer --* Account : has;
    BankTeller o-- Account : services;
    Transaction --* Account : affects;
    ;
    usecase Deposit { ;
"        +description: """"Transfer money to account""""";
    };
    usecase Withdraw {;
"        +description: """"Withdraw funds from account""""";
    };
    usecase TransferFunds {;
"        +description: """"Transfer funds between accounts""""";
    };
"```"","" ```mermaid";
classDiagram;
  class Customer {;
    -name: String;
    -accountNumber: String;
    +deposit(amount: float): void;
    +withdraw(amount: float): void;
    +transferFunds(toAccount: String, amount: float): void;
  };
  ;
  class BankTeller {;
    -id: String;
    -name: String;
    +authenticateCustomer(): boolean;
    +processTransaction(transactionType: String, details: Object): void;
  };
  ;
  class Transaction {;
    -amount: float;
    -date: Date;
    -type: String;
    +execute(): void;
  };
  ;
"  Customer --> """"1"""" BankTeller : assistedBy";
"  Customer --> """"N"""" Transaction : includes";
"  BankTeller --> """"1"""" Transaction : processes";
"```"",""```mermaid";
classDiagram;
    class Customer {;
        +string name;
        +string accountNumber;
        -double balance;
        +deposit(amount: double);
        +withdraw(amount: double);
        +transfer(targetAccount: Account, amount: double);
    };
;
    class BankTeller {;
        +string id;
        +string name;
        +processTransaction(transaction: Transaction);
    };
;
    class Account {;
        +string accountNumber;
        -double balance;
        +deposit(amount: double);
        +withdraw(amount: double);
        +transfer(targetAccount: Account, amount: double);
    };
;
    class Transaction {;
        +int transactionId;
        +double amount;
        +string type;
    };
;
"    Customer """"1"""" -- """"*"""" Account : owns";
    BankTeller --> Transaction : processes;
    Customer --> Transaction : initiates;
"```"",""```mermaid";
classDiagram;
    Customer -- Deposit;
    Customer --> Withdraw;
    Customer --> Transfer Funds;
;
    BankTeller <<Actor>> -- Deposit;
    BankTeller <<Actor>> --> Withdraw;
    BankTeller <<Actor>> --> Transfer Funds ;
;
;
"```"",""```mermaid";
classDiagram;
class Customer {;
    +accountNumber : String;
};
;
class BankTeller {;
    -privateKey : SecretKey;
    ;
    public Deposit(amount : Number): void {};
    public Withdraw(amount : Number): void {};
    private transferFunds(customerAccount: Customer, amount: Number): boolean {};
};
;
@inheritFrom(BankTeller);
class OnlineTransaction {;
    +transactionId : String;
    ;
    --Customer;
    *--TransferFundsExecution{executionTime : Duration;} 
};
"```""";
"Class,39,""Design a class diagram for a library management system. Include classes such as Book, Member, Librarian, and illustrate relationships such as borrowing and returning books."",""classDiagram";
  Class Book {;
    +title: string;
    +author: string;
  };
;
  Class Member {;
    +name: string;
    +memberId: string;
  };
;
  Class Librarian {;
    +name: string;
  };
;
  Member -- Borrow;
  Librarian -- Manage;
,;
Generate a valid, syntactically correct MermaidJS Class.;
;
Input Description: Design a class diagram for a library management system. Include classes such as Book, Member, Librarian, and illustrate relationships such as borrowing and returning books.;
;
Specific Rules for this Diagram:;
;
- Logic: Focus on Entities, Attributes, and Relationships (1:1, 1:N).;
- Syntax: Use '+' for public, '-' for private members.;
- Relationships: Use '--' for association, '-->' for inheritance, and '*--' for composition.;
- Start with: 'classDiagram';
;
;
Format: Respond ONLY with the MermaidJS code block. No conversation.;
,```mermaid;
classDiagram;
    class Book {;
        +id: int;
        -title: string;
        -author: string;
        -description: string;
        -isAvailable: boolean;
    };
;
    class Member {;
        +id: int;
        -name: string;
        -email: string;
        -password: string;
        -borrowedBooks: Book[];
    };
;
    class Librarian {;
        +id: int;
        -name: string;
        -email: string;
        -password: string;
        -managedMembers: Member[];
    };
;
    class Borrowing {;
        *-- book: Book;
        *-- member: Member;
    };
;
"    Book o--* """"Borrowed by"""" Member : borrowable";
"    Member o--* """"Owns"""" Librarian : managedBy";
;
"    Member """"borrows"""" --* """"Is borrowed by"""" Borrowing : borrowedBook";
"    Librarian """"manages"""" --* """"Manages"""" Borrowing : managedMember";
;
"```"","" ```mermaid";
classDiagram;
  class Book {;
    -String title;
    -String author;
    -int ISBN;
    +borrow();
    +return();
  };
  ;
  class Member {;
    -String name;
    -int memberID;
    +borrowBook(Book);
    +returnBook(Book);
  };
  ;
  class Librarian {;
    -String name;
    -int employeeID;
    +addBook(Book);
    +removeBook(Book);
  };
  ;
  Book --* Member : borrows;
  Librarian --> Book : manages;
"```"",""```mermaid";
classDiagram;
    class Book {;
        +String title;
        +String author;
        -int isbn;
        +borrow() bool;
        +returnBook() void;
    };
;
    class Member {;
        +String name;
        -int memberId;
        +borrow(Book book) bool;
        +returnBook(Book book) void;
    };
;
    class Librarian {;
        +String name;
        -int librarianId;
        +addBook(Book book) void;
        +removeBook(Book book) void;
    };
;
"    Member """"1"""" -- """"*"""" Book : borrows";
"    Librarian """"1"""" -- """"*"""" Book : manages";
"```"",""```mermaid";
classDiagram;
"Book -- """"borrows"""" Member";
Member --> Librarian;
;
Book {;
    + title;
    + author;
    + ISBN;
};
;
Member {;
    + name;
    + membershipID;
    + borrowedBooks (+) ;
};
;
Librarian {;
    + name;
    + librarianID;
    + booksCatalog (+);
};
"```"",""```mermaid";
classDiagram;
;
class Book {;
    +title: string;
    +author: Author;
    -isAvailable: boolean;
};
;
class Member {;
    +name: string;
    --booksBorrowed: Array<Book> // Association (1-N);
};
;
class Librarian extends Employee {;
    @inherit SpecialPrivileges() {} ;
};
    ;
specialization of Employee is Author,Librarian;
authoration of Book inherits from Publication;
composition of Member includes LoanRecord // Composition (1-N);
operation borrow(Book book) returns void {...};
operation returnItem(Book book) throws ItemNotReturnedException {};
class SpecialPrivileges() has no members defined, should have specific privileges like early_returner or unlimited_loans for certain types of employees. ;
publication inherits from MediaSource // Inheritance (1-N relationship needed between Book and Author);
operation addPublication(MediaSource media): void {...}  ;
class LoanRecord{//Composition, indicating a temporary association with Member during the borrowing process }        ;
"```""";
"Class,47,""Create a class diagram for a library management system. Include classes such as Book, Member, Librarian, and illustrate relationships such as Borrow, Return, Manage Inventory."",""classDiagram";
  class Book {;
    Title;
    Author;
    ISBN;
    Status;
  };
  class Member {;
    Name;
    Address;
    Membership Type;
  };
  class Librarian {;
    Name;
    Department;
  };
  Book <-- Member : Borrow;
  Book <-- Librarian : Return;
"  Librarian --> Book : Manage Inventory"",""";
Generate a valid, syntactically correct MermaidJS Class.;
;
Input Description: Create a class diagram for a library management system. Include classes such as Book, Member, Librarian, and illustrate relationships such as Borrow, Return, Manage Inventory.;
;
Specific Rules for this Diagram:;
;
- Logic: Focus on Entities, Attributes, and Relationships (1:1, 1:N).;
- Syntax: Use '+' for public, '-' for private members.;
- Relationships: Use '--' for association, '-->' for inheritance, and '*--' for composition.;
- Start with: 'classDiagram';
;
;
Format: Respond ONLY with the MermaidJS code block. No conversation.;
,```mermaid;
classDiagram;
    class Book {;
        +title: string;
        +author: string;
        -borrowed: boolean;
    };
;
    class Member {;
        +name: string;
        +contact: string;
        *-account: Account;
    };
;
    class Librarian extends User {;
        +username: string;
        +password: string;
    };
;
    class User {;
        +username: string;
        +password: string;
    };
;
    class Account {;
        *--member: Member;
    };
;
    class Borrow {;
        +date: Date;
        --book: Book;
        --member: Member;
    };
;
    class Return {;
        +date: Date;
        --borrow: Borrow;
        --book: Book;
    };
;
    class ManageInventory {;
        -inventory: Array<Book>;
        *--librarian: Librarian;
    };
    ;
"    Member """"1"""" *-- Account";
"    Book """"1"""" *-- Borrow";
"    Member """"1"""" *-- Return";
"    Librarian """"-->"""" User";
"```"","" ```mermaidjs";
classDiagram;
  class Book {;
    -String title;
    -String author;
    -int ISBN;
    +borrow();
    +return();
  };
  ;
  class Member {;
    -String name;
    -int memberID;
    +borrowBook(Book);
    +returnBook(Book);
  };
  ;
  class Librarian {;
    -String name;
    -int employeeID;
    +manageInventory(Book);
    +issueBook(Book, Member);
    +receiveReturnedBook(Book);
  };
  ;
"  Book """"1"""" -- """"1"""" Member : Borrow";
"  Book """"1"""" -- """"1"""" Librarian : Manage Inventory";
"  Librarian """"1"""" --> """"0..*"""" Member : Issue";
"```"",""```mermaid";
classDiagram;
    class Book {;
        +String title;
        +String author;
        +int ISBN;
        +boolean isAvailable;
        -checkOut();
        -returnBook();
    };
;
    class Member {;
        +String name;
        +int memberId;
        +String contactInfo;
        -borrowHistory;
        +borrowBook(Book);
        +returnBook(Book);
    };
;
    class Librarian {;
        +String name;
        +int librarianId;
        +String department;
        +manageInventory();
    };
;
    class LibrarySystem {;
        +List~Book~ books;
        +List~Member~ members;
        +List~Librarian~ librarians;
        +addBook(Book);
        +removeBook(Book);
        +addMember(Member);
        +removeMember(Member);
        +hireLibrarian(Librarian);
        +fireLibrarian(Librarian);
    };
;
    Book --> LibrarySystem : *--;
    Member --> LibrarySystem : *--;
    Librarian --> LibrarySystem : *--;
;
    Member -- Borrow --> Book;
    Member -- Return --> Book;
    Librarian -- Manage Inventory --> LibrarySystem;
"```"",""```mermaid";
classDiagram;
    Book -- Borrow --> Member;
    Book -- Return --> Member;
    Librarian -- Manage Inventory --> Book;
"```"",""```mermaid";
classDiagram;
classes: Book, Member, Librarian;
;
class Book {;
    +title: String;
    +author: String;
    -isAvailable: boolean;
};
;
class Member {;
    +name: String;
    +membershipID: Number;
    --hasBorrowedBooks : List of Books;
};
;
class Librarian extends Employee { // Assuming 'Employee' is a superclass for illustration purposes.;
#NAME?;
--managesInventory, managesStaffMemberships : Member[] & Book[].borrowers;
;
    +inventoryCount(): Number;
};
;
// Association and composition relationships are not directly represented in Mermaid syntax but can be implied. For example:;
"Member """"Borrows"""" -> (Book) -----> Librarian { role:""""managesInventory""""}";
"```""";
"Class,54,""Design a class diagram for a simple banking system. Include classes like 'Bank', 'Account', 'Customer', and 'Transaction'. Show relationships between these classes."",""classDiagram";
  class Bank {;
    +name: String;
    +location: String;
  };
  class Account {;
    +accountNumber: String;
    +balance: Float;
  };
  class Customer {;
    +customerId: String;
    +name: String;
  };
  class Transaction {;
    +transactionId: String;
    +amount: Float;
    +date: Date;
  };
"  Bank """"1"""" -- """"*"""" Account: manages";
"  Customer """"1"""" -- """"*"""" Account: owns";
"  Account """"1"""" -- """"*"""" Transaction: contains";,
Generate a valid, syntactically correct MermaidJS Class.;
;
Input Description: Design a class diagram for a simple banking system. Include classes like 'Bank', 'Account', 'Customer', and 'Transaction'. Show relationships between these classes.;
;
Specific Rules for this Diagram:;
;
- Logic: Focus on Entities, Attributes, and Relationships (1:1, 1:N).;
- Syntax: Use '+' for public, '-' for private members.;
- Relationships: Use '--' for association, '-->' for inheritance, and '*--' for composition.;
- Start with: 'classDiagram';
;
;
Format: Respond ONLY with the MermaidJS code block. No conversation.;
,```mermaid;
classDiagram;
    class Bank {;
        +name: string;
        -address: string;
        +accounts: Account[];
    };
    ;
    class Customer {;
        +name: string;
        +email: string;
        -password: string;
        *-account: Account;
    };
    ;
    class Account {;
        +accountNumber: int;
        +balance: float;
        --*customer: Customer;
    };
    ;
    class Transaction {;
        +transactionId: int;
        +amount: float;
        -date: date;
        --*fromAccount: Account;
        --*toAccount: Account;
    };
;
"    Bank """"1"""" *-- Account";
"    Customer """"*"""" *-- Account";
"    Account """"-->"""" <|-- Transaction";
"```"","" ```mermaid";
classDiagram;
  class Bank {;
    -private String name;
    +public void addCustomer(Customer customer);
    +public void removeCustomer(Customer customer);
    +public List<Customer> getCustomers();
    +public void createAccount(Customer customer, double initialBalance);
    +public Account findAccount(int accountNumber);
  };
  ;
  class Customer {;
    -private String id;
    -private String name;
    +public void setName(String name);
    +public String getName();
    +public void addAccount(Account account);
    +public List<Account> getAccounts();
  };
  ;
  class Account {;
    -private int accountNumber;
    -private double balance;
    -private Customer customer;
    +public void deposit(double amount);
    +public void withdraw(double amount);
    +public double getBalance();
    +public int getAccountNumber();
  };
  ;
  class Transaction {;
    -private Date timestamp;
    -private String type;
    -private double amount;
    -private Account account;
    +public void execute();
    +public Date getTimestamp();
    +public String getType();
    +public double getAmount();
  };
  ;
  Bank --> Customer : 1:N;
  Customer --> Account : 1:N;
  Account --> Transaction : 1:N;
"```"",""```mermaid";
classDiagram;
;
class Bank {;
    +String name;
    +List~Account~ accounts;
    +addAccount(account: Account): void;
    +removeAccount(accountNumber: String): boolean;
};
;
class Account {;
    +String accountNumber;
    +double balance;
    +Customer owner;
    +deposit(amount: double): void;
    +withdraw(amount: double): boolean;
};
;
class Customer {;
    +String name;
    +String address;
    +List~Account~ accounts;
};
;
class Transaction {;
    +String transactionId;
    +double amount;
    +Date date;
    +Account sourceAccount;
    +Account targetAccount;
    +process(): void;
};
;
"Bank """"1"""" -- """"*"""" Account: manages";
"Account """"1"""" -- """"1"""" Customer: owned by";
"Transaction """"1"""" -- """"1"""" Account: from";
"Transaction """"1"""" -- """"1"""" Account: to";
"```"",""```mermaid";
classDiagram;
    Bank *-- Customer;
    Customer --> Account;
    Account *-- Transaction;
    Transaction --> Bank; 
;
    class Bank {;
        + name;
        + accounts;
    };
    class Customer {;
        + id;
        + name;
    };
    class Account {;
        + number;
        + balance;
        + customer;
    };
    class Transaction {;
        + type;
        + amount;
        + date;
        + account ;
    };
"```"",""```mermaid";
classDiagram;
classes: Bank, Account, Customer, Transaction;
;
Bank {;
    +name: String;
    -accountList: List of Account;
};
;
Account {;
    +owner: Customer;
    --*--->+transactionLog: Array of Transaction;
    ;
Customer {;
    +fullName: String;
    ----idCardNumber: Number // Private member, representing the customer'dict unique identification number.;
};
;
Transaction {;
    +amount: Double;
    -date: Date   // This is private because transactions are temporary until they affect an account balance or a history record which lasts longer than one day itself. ;
    ;
Bank <-- Bank{Account(1..*)}: Associative, showing that each bank has multiple accounts associated with it (one-to-many relationship).;
Customer --*--> Account: Composition indicating customers have accounts and if the customer is deleted all their linked account should be cleaned up as well. This demonstrates a clear life cycle dependency where an object of Customer cannot exist without at least one instance of its owning Account objects (easily identified by 'Account').;
Transaction --> Bank(1..*): Associative, indicating that transactions can relate to multiple banks and there might be indirect references through the account's bank. This shows a many-to-one relationship where each transaction is associated with only one customer via an intermediary Account object (hence not directly linked).;
"```""";
"Class,60,""Design a class diagram for an online retail store. Include classes like 'Customer', 'Product', 'Shopping Cart', 'Order', and 'Payment'. Show relationships for adding products to cart, placing orders, and processing payments."",""classDiagram";
  class Customer {;
    +customerId: String;
    +name: String;
    +email: String;
  };
  class Product {;
    +productId: String;
    +name: String;
    +price: Float;
  };
  class Shopping_Cart {;
    +cartId: String;
    +items: List<Product>;
  };
  class Order {;
    +orderId: String;
    +customer: Customer;
    +items: List<Product>;
  };
  class Payment {;
    +paymentId: String;
    +amount: Float;
    +paymentStatus: String;
  };
"  Customer """"1"""" -- """"*"""" Shopping_Cart: owns";
"  Shopping_Cart """"*"""" -- """"*"""" Product: contains";
"  Customer """"1"""" -- """"*"""" Order: places";
"  Order """"1"""" -- """"*"""" Product: includes";
"  Order """"1"""" -- """"1"""" Payment: requires";,
Generate a valid, syntactically correct MermaidJS Class.;
;
Input Description: Design a class diagram for an online retail store. Include classes like 'Customer', 'Product', 'Shopping Cart', 'Order', and 'Payment'. Show relationships for adding products to cart, placing orders, and processing payments.;
;
Specific Rules for this Diagram:;
;
- Logic: Focus on Entities, Attributes, and Relationships (1:1, 1:N).;
- Syntax: Use '+' for public, '-' for private members.;
- Relationships: Use '--' for association, '-->' for inheritance, and '*--' for composition.;
- Start with: 'classDiagram';
;
;
Format: Respond ONLY with the MermaidJS code block. No conversation.;
,```mermaid;
classDiagram;
    class Customer {;
        +id: int;
        +name: string;
        +email: string;
    };
;
    class Product {;
        +id: int;
        +name: string;
        +price: decimal;
    };
;
    class ShoppingCart {;
        +customer: Customer;
        -products: Product[];
    };
;
    class Order {;
        +id: int;
        +date: date;
        +total: decimal;
        --+ customer: Customer;
    };
;
    class Payment {;
        +id: int;
        +type: string;
        -amount: decimal;
        *-- order: Order;
    };
;
"    ShoppingCart *-- Product : """"A product can be in multiple carts""""";
"    Order *-- Payment : """"An order has one payment""""";
"    Order *-- Customer : """"An order is associated with one customer""""";
"```"","" ```mermaid";
classDiagram;
  class Customer {;
    - int customerId;
    - string name;
    - string email;
    + addToCart(Product product);
    + placeOrder();
    + makePayment(Payment payment);
  };
  ;
  class Product {;
    - int productId;
    - string name;
    - float price;
  };
  ;
  class ShoppingCart {;
    - list<Product> products;
    + addProduct(Product product);
    + checkout() : Order;
  };
  ;
  class Order {;
    - int orderId;
    - list<Product> products;
    - Customer customer;
    - Payment payment;
    + confirmOrder();
  };
  ;
  class Payment {;
    - int paymentId;
    - float amount;
    - string status;
    + processPayment() : bool;
  };
  ;
"  Customer """"1"""" -- """"*"""" ShoppingCart : has";
"  ShoppingCart """"1"""" -- """"*"""" Product : contains";
"  Order """"1"""" -- """"1"""" Customer : placed by";
"  Order """"1"""" -- """"1"""" Payment : includes";
"```"",""```mermaid";
classDiagram;
    class Customer {;
        +string name;
        +string email;
        -string password;
        +addProductToCart(product: Product): void;
        +placeOrder(cart: ShoppingCart): Order;
    };
;
    class Product {;
        +int id;
        +string name;
        +float price;
        +int stockQuantity;
    };
;
    class ShoppingCart {;
        +list~Product~ items;
        +void addProduct(product: Product): void;
        +void removeProduct(product: Product): void;
        +float getTotalPrice(): float;
    };
;
    class Order {;
        +int orderId;
        +Customer customer;
        +ShoppingCart cart;
        +Payment payment;
        +void processOrder(): void;
    };
;
    class Payment {;
        +string paymentId;
        +float amount;
        +string status;
        +processPayment(order: Order): bool;
    };
;
"    Customer """"1"""" -- """"*"""" ShoppingCart : manages";
"    ShoppingCart """"1"""" -- """"*"""" Product : contains";
"    Customer """"1"""" --> """"*"""" Order : places";
"    Order """"1"""" *-- """"1"""" Payment : has";
"```"",""```mermaid";
classDiagram;
"    Customer -- """"has"""" ShoppingCart";
    Product --> Order;
    Order --> Payment ;
;
"    ShoppingCart """"*-- Product"""" ";
"```"",""```mermaid";
classDiagram;
;
class Customer {;
    +firstName : string;
    +lastName : string;
    +emailAddress : string;
    ;
    public addProduct(product: Product) {};
};
;
class ShoppingCart {;
    private items : Array<Product> = [];
    ;
    constructor() {};
;
    public addItem(item: Product): void {};
;
    public removeItem(): void {};
;
    +getItemsCount(): number {};
};
;
class Order {;
    -itemsPlaceOrdered : ShoppingCart // Composition relationship, order 'owns' its cart contents.;
    ;
    constructor() {};
;
    +placeOrder(payment: Payment): boolean {};
};
;
class Product {;
    public name : string;
    private price : number;
;
    constructor(name: string, price: number) {};
;
    // Other methods like getPrice and setDiscount could be here.;
};
;
class Payment {;
    +amountPaid : double;
    ;
    constructor() {};
;
    public processPayment(): boolean {};
};
"```""";
"Sequence,0,""Design a sequence diagram for a shopping cart checkout process. Include actors such as User, Shopping Cart, Payment Gateway, and illustrate actions like Add Item, Remove Item, Proceed to Checkout, and Make Payment."",""sequenceDiagram";
  participant User;
  participant Shopping Cart;
  participant Payment Gateway;
;
  User->>Shopping Cart: Add Item;
  User->>Shopping Cart: Remove Item;
  User->>Shopping Cart: Proceed to Checkout;
"  Shopping Cart->>Payment Gateway: Make Payment"",""";
Generate a valid, syntactically correct MermaidJS Sequence.;
;
Input Description: Design a sequence diagram for a shopping cart checkout process. Include actors such as User, Shopping Cart, Payment Gateway, and illustrate actions like Add Item, Remove Item, Proceed to Checkout, and Make Payment.;
;
Specific Rules for this Diagram:;
;
- Logic: Structure participants as Users -> Frontend -> Backend -> DB.;
- Syntax: Use 'activate' and 'deactivate' for every request/response flow.;
- Arrows: Use (->>) for requests and (-->>) for responses.;
- Handling: Ensure all 'alt', 'else', and 'opt' blocks are covered.;
- Start with: 'sequenceDiagram';
;
;
Format: Respond ONLY with the MermaidJS code block. No conversation.;
,```mermaid;
sequenceDiagram;
"    participant User as """"User""""";
"    participant Frontend as """"Frontend""""";
"    participant Backend as """"Backend""""";
"    participant DB as """"DB""""";
;
    Note over User,Frontend : Shopping starts here;
    activate Frontend;
    alt User adds item to cart;
        Frontend->>Backend: Add Item (Request);
        activate Backend;
        note right of Backend: Validate and add item to cart;
        deactivate Backend;
        Frontend->>User: Item added successfully! (Response);
        deactive Frontend;
    else ;
        Frontend->>User: Error adding item (Response);
        deactivate Frontend;
    end;
;
    opt User removes an item from cart;
        Frontend->>Backend: Remove Item (Request);
        activate Backend;
        note right of Backend: Validate and remove item from cart;
        deactivate Backend;
        Frontend->>User: Item removed successfully! (Response);
        deactivate Frontend;
    end;
    ;
    User->>Frontend: Proceed to Checkout (Request);
    activate Frontend;
    Frontend->>Backend: Initiate Payment Process (Request);
    activate Backend;
    note right of Backend: Validate and initiate payment process;
    deactivate Backend;
    Frontend->>User: Proceeding with payment... (Response);
    deactive Frontend;
;
    alt Payment Gateway accepts the transaction;
        Backend->>PaymentGateway: Make Payment (Request);
        activate PaymentGateway;
        note right of PaymentGateway: Process payment;
        deactivate PaymentGateway;
        Backend->>DB: Update database with payment status (Response);
        deactivate Backend;
        User->>Frontend: Transaction successful! (Notification);
        deactive Frontend;
    else ;
        Backend->>PaymentGateway: Error processing transaction (Request);
        activate PaymentGateway;
        note right of PaymentGateway: Handle error and notify user;
        deactivate PaymentGateway;
        Frontend->>User: Error processing payment (Response);
        deactivate Frontend;
    end;
;
    User->>Frontend: Place Order (Notification);
    deactivate Frontend;
"```"","" ```mermaidjs";
sequenceDiagram;
    participant User;
    participant Frontend;
    participant Backend;
    participant DB;
;
    User->>Frontend: Add Item to Shopping Cart;
    activate Frontend;
"    Frontend-->>"",""```mermaid";
sequenceDiagram;
    actor User;
    participant Frontend;
    participant Backend;
    participant DB;
    participant PaymentGateway;
;
    User->>Frontend: Add Item;
    activate Frontend;
    Frontend-->>Backend: Add Item Request;
    activate Backend;
    Backend-->>DB: Save Item to Cart;
    activate DB;
    DB-->>Backend: Item Added Successfully;
    deactivate DB;
    Backend-->>Frontend: Item Added Response;
    deactivate Backend;
    deactivate Frontend;
;
    User->>Frontend: Remove Item;
    activate Frontend;
    Frontend-->>Backend: Remove Item Request;
    activate Backend;
    Backend-->>DB: Remove Item from Cart;
    activate DB;
    DB-->>Backend: Item Removed Successfully;
    deactivate DB;
    Backend-->>Frontend: Item Removed Response;
    deactivate Backend;
    deactivate Frontend;
;
    User->>Frontend: Proceed to Checkout;
    activate Frontend;
    Frontend-->>Backend: Checkout Request;
    activate Backend;
    Backend-->>DB: Retrieve Cart Items and Totals;
    activate DB;
    DB-->>Backend: Cart Data;
    deactivate DB;
    opt Validate Cart;
        alt Cart Valid;
            Backend-->>Frontend: Checkout Form;
            deactivate Frontend;
            User->>Frontend: Fill Checkout Details;
            activate Frontend;
            Frontend-->>Backend: Submit Payment Request;
            activate Backend;
            Backend->>PaymentGateway: Make Payment Request;
            activate PaymentGateway;
            alt Payment Successful;
                PaymentGateway-->>Backend: Payment Success Response;
                deactivate PaymentGateway;
                Backend-->>DB: Save Transaction Details;
                activate DB;
                DB-->>Backend: Transaction Saved;
                deactivate DB;
                Backend-->>Frontend: Payment Successful;
                deactivate Frontend;
            else Payment Failed;
                PaymentGateway-->>Backend: Payment Failure Response;
                deactivate PaymentGateway;
                Backend-->>Frontend: Payment Failed;
                deactivate Frontend;
            end;
        else Cart Invalid;
            Backend-->>Frontend: Cart Validation Failed;
            deactivate Frontend;
        end;
    end;
    deactivate Backend;
"```"",""```mermaid";
sequenceDiagram;
    participant User;
    participant Frontend;
    participant Backend;
    participant DB;
    User->>Frontend: Add Item to Cart;
    activate Frontend;
    Frontend-->>DB: Retrieve Product Information;
    activate DB;
    DB-->>Frontend: Product Details;
    deactivate DB;
    Frontend-->>User: Display Cart;
    repeat;
        User->>Frontend: Remove Item from Cart;
        activate Frontend;
        Frontend-->>DB: Update Cart;
        activate DB;
        DB-->>Frontend: Confirmation;
        deactivate DB;
        Frontend-->>User: Update Cart View;
    until User->>Frontend: Proceed to Checkout;
    activate Frontend;
    Frontend-->>Backend: Submit Order Request;
    activate Backend;
    Backend-->>DB: Process Order;
    activate DB;
    DB-->>Backend: Order Confirmation;
    deactivate DB;
    Backend-->>Frontend: Payment Gateway Details;
    deactivate Backend;
    Frontend-->>User: Display Payment Options;
    User->>Frontend: Select Payment Method;
    activate Frontend;
    Frontend-->>Payment Gateway: Initiate Payment;
    activate Payment Gateway;
    Payment Gateway-->>Frontend: Payment Status;
    deactivate Payment Gateway;
    Frontend-->>User: Payment Successful/Failed;
"```"",""```mermaid";
sequenceDiagram;
participant User in System;
participant Cart as ShoppingCart;
participant Gateway as PaymentGateway;
participant DB as Database;
;
User->>Frontend: select Item to add, Remove item if necessary;
activate Frontend;
  invoke AddItem(item) ->>(Cart)-->>[Added];
  invocationRemoveItems-->|None selected|-->>No Action;
else Case Selected Items for Removal;
    Cart->>Frontend with items list: confirm removal selections, display success/error message if necessary.;
    alt Successful removals & Errors on item selection or deletion;
       invoke RemoveItem(item) ->>(Cart)-->>[Removed]--BEGIN-->DB_UPDATE;
         (if Item not present in Cart)->>Frontend: notify unavailable items and do nothing else end alt block.;
     else Items successfully removed, proceed to checkout with updated cart list;
      invocationCheckout(updatedItems) ->>(Cart)-->>ProceedingToCheckout--BEGIN-->Backend_Verification;
        invoke VerifyCarts->>DB: retrieve Cart data for verification end Block;
       alt Item not present or incorrect, request reconfirmation from user again.;
         invocationConfirmItemSelection() ->>(Cart)-->>[Reconfirmed]--BEGIN-->Backend_Verification(same as above) opt block repeated here until correct input is given by the User and then proceeds to checkout with Frontend->>PaymentGateway: initiate payment process.;
       else All items selected for removal, send updated Cart data back without immediate action end alt Block.;
      invocationProceedingToCheckout--END-->Backend_Verification(alt block) and Backend_Verification overall with no further actions after the first successful confirmation from User until checkout is confirmed or cancelled by user input. ;
   else All items successfully removed, proceed to finalize cart update in Database end alt Block without immediate action (wait for other potential removal requests).;
deactivate Frontend;
Frontend-->>[Feedback provided/awaiting feedback] with result of item removals and selection status or error messages if any.;
;
Cart->>Backend: send Cart data to verify checkout process after items are added, removed as necessary end Request from Backend_Verification block above this line until finalized in Database (either proceeds without errors OR sends an error message for invalid cart content).;
alt Checkout verifies successfully with valid Items and total amount.;
   invocationFinalizeCart(validItems) ->>(Backend)-->>CheckoutSuccessful--BEGIN-->DB_UPDATE: update Cart data in Database end Block (save transaction details, item quantities etc.);
else Invalid cart contents detected or issues during checkout verification process due to incomplete items/missing totals.;
   invocationRequestUserCorrection() ->>(Backend)-->>NeedsClarification--BEGIN-->DB_UPDATE(wait for user input correction) end Block requesting User Corrections with clarifications from Backend, looping until a valid cart is constructed and ready to proceed or the checkout attempt gets cancelled.;
   else Cart verification fails repeatedly without success (all attempts at collection of necessary data are unsuccessful).;
    invocationCancelCheckout() ->>(Backend)-->>CancellationInitiated--BEGIN-->DB_UPDATE: remove cart entry from Database end Block, notify user and abort checkout process.;
deactivate Backend with feedback on Cart finalization status (either success or cancellation) provided to User through Frontend system interface for immediate display of result after actions are taken within this sequence diagram flowchart block structure. End Sequence Diagram Flow when all checks have been performed, and the user is either successfully checking out OR has cancelled checkout process due to cart validity issues detected in BackEnd or their own choice (which triggers cancellation end Block).;
"```""";
"Sequence,9,""Design a sequence diagram for an online shopping checkout process. Include actors such as User, Shopping Cart, Payment Gateway, and illustrate interactions like Add to Cart, Proceed to Checkout, and Complete Payment."",""sequenceDiagram";
  participant User;
  participant Shopping Cart;
  participant Payment Gateway;
;
  User ->> Shopping Cart: Add to Cart;
  User ->> Shopping Cart: Proceed to Checkout;
"  Shopping Cart -->> Payment Gateway: Complete Payment"",""";
Generate a valid, syntactically correct MermaidJS Sequence.;
;
Input Description: Design a sequence diagram for an online shopping checkout process. Include actors such as User, Shopping Cart, Payment Gateway, and illustrate interactions like Add to Cart, Proceed to Checkout, and Complete Payment.;
;
Specific Rules for this Diagram:;
;
- Logic: Structure participants as Users -> Frontend -> Backend -> DB.;
- Syntax: Use 'activate' and 'deactivate' for every request/response flow.;
- Arrows: Use (->>) for requests and (-->>) for responses.;
- Handling: Ensure all 'alt', 'else', and 'opt' blocks are covered.;
- Start with: 'sequenceDiagram';
;
;
Format: Respond ONLY with the MermaidJS code block. No conversation.;
,```mermaid;
sequenceDiagram;
"    participant User as """"User""""";
"    participant Frontend as """"Frontend""""";
"    participant Backend as """"Backend""""";
"    participant DB as """"Database""""";
;
    note left of User: User navigates to shopping website;
    activate User;
    User->>Frontend: Add item to cart;
;
    alt Payment required;
        Frontend->>Backend: Get payment information;
        deactivate Frontend;
        note right of Backend: Verify payment details;
        activate Backend;
        Backend->>Payment Gateway: Process payment (-->>);
        deactivate Backend;
;
        alt Payment successful;
            note left of User: Payment complete;
            activate User;
            User->>Frontend: Proceed to checkout;
            deactivate User;
            Frontend->>Backend: Confirm order;
            deactivate Frontend;
            note right of Backend: Update database;
            activate Backend;
            Backend->>DB: Save order (-->>);
            deactivate Backend;
;
        else Payment failed;
            note left of User: Error message displayed;
            activate User;
            User->>Frontend: Cancel payment;
            deactivate User;
            Frontend->>Backend: Inform user of failure;
            deactivate Frontend;
            note right of Backend: Display error message;
            activate Backend;
            Backend->>User: Show error screen (-->>);
            deactivate Backend;
;
    opt Continue shopping;
        note left of User: User continues browsing;
        activate User;
        User->>Frontend: Add more items to cart;
        deactivate User;
        Frontend->>Backend: Update cart contents;
        deactivate Frontend;
        note right of Backend: Update database;
        activate Backend;
        Backend->>DB: Save updated order (-->>);
        deactivate Backend;
;
    end;
"```"","" ```mermaid";
sequenceDiagram;
    participant User;
    participant Frontend;
    participant Backend;
    participant DB;
;
    User->>+Frontend: Add to Cart;
    activate Frontend;
"    Frontend-->>-"",""```mermaid";
sequenceDiagram;
    participant User;
    participant Frontend;
    participant Backend;
    participant DB;
    participant PaymentGateway;
;
    User->>Frontend: Add to Cart;
    activate Frontend;
    Frontend->>Backend: Request to add item to cart;
    activate Backend;
    Backend-->>DB: Query item details;
    alt Item exists in inventory;
        DB-->>Backend: Return item details;
        Backend-->>Frontend: Item added successfully;
        deactivate Backend;
        deactivate Frontend;
;
        User->>Frontend: Proceed to Checkout;
        activate Frontend;
        Frontend->>Backend: Request checkout process;
        activate Backend;
        Backend-->>DB: Retrieve cart items and user details;
        DB-->>Backend: Return cart items and user details;
        Backend-->>Frontend: Display checkout page with total amount;
;
        User->>Frontend: Complete Payment;
        activate Frontend;
        Frontend->>PaymentGateway: Initiate payment;
        activate PaymentGateway;
        alt Payment successful;
            PaymentGateway-->>Frontend: Payment confirmation;
            deactivate PaymentGateway;
            Frontend->>Backend: Confirm payment;
            activate Backend;
            Backend-->>DB: Update order status to paid;
            DB-->>Backend: Order updated successfully;
            Backend-->>Frontend: Payment completed successfully;
            deactivate Backend;
            deactivate Frontend;
        else Payment failed;
            PaymentGateway-->>Frontend: Payment failure;
            deactivate PaymentGateway;
            deactivate Frontend;
        end;
    else Item does not exist in inventory;
        DB-->>Backend: Return error;
        Backend-->>Frontend: Error - item not available;
        deactivate Backend;
        deactivate Frontend;
    end;
;
"```"",""```mermaid";
sequenceDiagram;
    participant User;
    participant Frontend;
    participant Backend;
    participant DB;
    ;
    User->>Frontend: Add item to cart;
;
    activate Frontend;
    Frontend-->>Backend: Cart request ;
    deactivate Frontend;
    activate Backend;
    Backend-->>DB: Fetch cart data ( );
    deactivate Backend;
    activate Frontend;
    Backend-->>Frontend: Cart details (-->>);
    deactivate Frontend;
;
    User->>Frontend: Proceed to checkout;
    activate Frontend;
    Frontend-->>Backend: Checkout request ;
    deactivate Frontend;
    activate Backend;
    Backend-->>DB: Update order data ( );
    deactivate Backend;
    activate Frontend;
    Backend-->>Frontend: Order confirmation (-->>);
    deactivate Frontend;
;
    User->>Frontend: Enter payment information;
    activate Frontend;
    Frontend-->>Backend: Payment request ;
    deactivate Frontend;
    activate Backend;
    Backend-->>Payment Gateway: Process payment ( );
    deactivate Backend;
    alt Payment successful;
      Backend-->>Payment Gateway: Confirm payment (-->>);
      Backend-->>DB: Update order status ( );
      Backend-->>Frontend: Order complete (-->>);
      activate Frontend;
      deactivate Frontend;
    else Payment failed;
      Backend-->>Frontend: Payment error (-->>);
      deactivate Frontend ;
    end;
;
;
;
"```"",""```mermaid";
sequenceDiagram;
"    User """"->>"""" Frontend";
        alt Add to Cart;
            Frontend->>Backend (Request);
                Backend->>(Response)-->>User;
                    opt If out of stock:;
"                        Backend--|(alt)|-->Notification(""""Item unavailable"""")";
"                    else Payment Gateway """"->>"""" Request Item details and quantity from User.";
        ;
        alt Proceed to Checkout;
            Frontend->>Backend (Request);
                Backend->>(Response)-->>Frontend;
            ;
        opt Complete Payment;
"            Frontend--|(else if user chooses)|-->Payment Gateway """"->>"""" Request payment details from User.";
                    Optimize for multiple methods: credit card, paypal etc.. ;
    ;
"        else Notification(""""Cart is empty"""")";
        ;
    alt Notify Item Unavailable or Empty Cart-->>User & Backend(Deactivate);
"```""";
"Sequence,16,""Develop a communication diagram for an online chat application. Include actors such as User, Chat Server, Database, and illustrate message flows like Send Message, Receive Message, and Store Message."",""sequenceDiagram";
  participant User;
  participant Chat Server;
  participant Database;
;
  User ->> Chat Server: Send Message;
  Chat Server -->> User: Receive Message;
"  Chat Server ->> Database: Store Message"",""";
Generate a valid, syntactically correct MermaidJS Sequence.;
;
Input Description: Develop a communication diagram for an online chat application. Include actors such as User, Chat Server, Database, and illustrate message flows like Send Message, Receive Message, and Store Message.;
;
Specific Rules for this Diagram:;
;
- Logic: Structure participants as Users -> Frontend -> Backend -> DB.;
- Syntax: Use 'activate' and 'deactivate' for every request/response flow.;
- Arrows: Use (->>) for requests and (-->>) for responses.;
- Handling: Ensure all 'alt', 'else', and 'opt' blocks are covered.;
- Start with: 'sequenceDiagram';
;
;
Format: Respond ONLY with the MermaidJS code block. No conversation.;
,```mermaid;
sequenceDiagram;
"    participant Users as """"Users""""";
"    participant Frontend as """"Frontend (Client)""""";
"    participant Backend as """"Backend (Server)""""";
"    participant DB as """"Database""""";
;
    Note over Users, Frontend: Send Message;
    Users ->> Frontend: click send button;
    activate Frontend;
;
    Frontend ->> Backend: POST /send-message;
    activate Backend;
;
    alt User is logged in;
"        Backend ->> Frontend: {status: 200, message: """"Message sent successfully""""}";
    else;
"        Backend ->> Frontend: {status: 401, error: """"You must be logged in to send a message""""}";
    end;
;
    deactivate Backend;
    deactivate Frontend;
;
    Note over Users, DB: Store Message;
"    Backend ->> DB: INSERT INTO messages (content, sender) VALUES (""""Hello"""", """"John"""")";
    activate DB;
;
    opt User is subscribed to chat channel;
"        Backend ->> Frontend: {status: 200, message: """"Message received""""}";
    end;
;
    deactivate DB;
"```"","" ```mermaid";
sequenceDiagram;
    participant User;
    participant Frontend;
    participant Backend;
    participant DB;
;
    User ->>+ Frontend : Send Message;
    activate Frontend;
    Frontend -->>- User : Confirmation of message sent;
    Frontend ->>+ Backend : Receive Message;
    activate Backend;
    Backend -->>- Frontend : Confirmation received by server;
    Frontend ->>+ DB : Store Message;
    activate DB;
    DB -->>- Frontend : Confirmation stored in database;
    deactivate DB;
    deactivate Frontend;
"```"",""```mermaid";
sequenceDiagram;
    participant User1;
    participant User2;
    participant Frontend;
    participant Backend;
    participant Database;
;
    User1->>Frontend: Send Message;
    activate Frontend;
    Frontend->>Backend: Request to Store Message;
    activate Backend;
    alt Message is valid;
        Backend->>Database: Insert Message;
        activate Database;
        Database-->>Backend: Message Stored Successfully;
        deactivate Database;
        Backend-->>Frontend: Acknowledgment of Message Sent;
    else Message is invalid;
        Backend-->>Frontend: Error: Invalid Message;
    end;
    deactivate Backend;
    deactivate Frontend;
;
    User2->>Frontend: Request to Receive Messages;
    activate Frontend;
    Frontend->>Backend: Get Latest Messages;
    activate Backend;
    Backend->>Database: Fetch Messages;
    activate Database;
    Database-->>Backend: Return Messages;
    deactivate Database;
    Backend-->>Frontend: Send Messages;
    deactivate Backend;
    Frontend-->>User2: Display Messages;
    deactivate Frontend;
"```"",""```mermaid";
sequenceDiagram;
    participant User;
    participant Frontend;
    participant Backend;
    participant Database;
;
    User ->> Frontend : Send Message Request ;
    activate Frontend;
    Frontend ->> Backend : Process Message Request;
    activate Backend;
    Backend --> Database : Store Message (--)>>;
    deactivate Database;
    Backend -->> Frontend : Message Sent Confirmation;
    deactivate Backend;
    Frontend -->> User : Display Received Message;
    deactivate Frontend;
;
"```"",""```mermaid";
sequenceDiagram;
    User A>>|Send Message to Frontend->|Frontend B[activate];
        Frontend B--(message)-->Database C[deactivate, receive message from front end];
        ;
        alt ReceiveMessage:;
            Database C--alt-(store successfully)-->Backend D[activate store operation in DB], else throw error -> Backend E[deactivate with exception handling and notify User A of failure to proceed further];
            ;
        opt StoreSuccessful?:Yes->|User B acknowledges successful storage, alt:No-E->Database C--alt-(message)-->Backend D[send notification back to front end indicating store operation failed or success based on feedback from backend server and user confirmation].   ;
        ;
        User A--(next message)-->>Frontend F|Send next Message ;
"```""";
"Sequence,21,""Develop a sequence diagram for a student registration system. Include actors such as Student, Registrar, Database, and illustrate interactions such as Register Student, Validate Information, and Update Database."",""sequenceDiagram";
  participant Student;
  participant Registrar;
  participant Database;
;
  Student ->> Registrar: Register Student;
  Registrar ->> Database: Validate Information;
  Database -->> Registrar: Validation Result;
"  Registrar -->> Database: Update Database"",""";
Generate a valid, syntactically correct MermaidJS Sequence.;
;
Input Description: Develop a sequence diagram for a student registration system. Include actors such as Student, Registrar, Database, and illustrate interactions such as Register Student, Validate Information, and Update Database.;
;
Specific Rules for this Diagram:;
;
- Logic: Structure participants as Users -> Frontend -> Backend -> DB.;
- Syntax: Use 'activate' and 'deactivate' for every request/response flow.;
- Arrows: Use (->>) for requests and (-->>) for responses.;
- Handling: Ensure all 'alt', 'else', and 'opt' blocks are covered.;
- Start with: 'sequenceDiagram';
;
;
Format: Respond ONLY with the MermaidJS code block. No conversation.;
,```mermaid;
sequenceDiagram;
    participant User as Student;
    participant Frontend as Registration Form;
    participant Backend as Server;
    participant DB as Database;
;
    activate User;
    User->>Frontend: Register Student (->>);
    alt Is valid information?;
        Frontend->>Backend: Validate Information (-->>);
        Backend-->>Frontend: Valid response received (-->>);
        opt More validation required;
            Frontend->>Backend: Further Validation (-->>);
            Backend-->>Frontend: Validation result (-->>);
    else Invalid information;
        Frontend->>User: Error message shown (-->>);
    end;
    Frontend->>Backend: Register Student (->>);
    alt Successful registration?;
        Backend->>DB: Update Database (-->>);
        DB-->>Backend: Database updated successfully (-->>);
        Backend-->>Frontend: Registration successful (-->>);
        deactivate User;
        deactivate Frontend;
        deactivate Backend;
        deactivate DB;
"```"","" ```mermaidjs";
sequenceDiagram;
    participant User;
    participant Frontend;
    participant Backend;
    participant DB;
;
    User->>Frontend: Request to Register Student;
"    Frontend-->>"",""```mermaid";
sequenceDiagram;
    participant Student as User;
    participant Registrar as Frontend;
    participant System as Backend;
    participant Database as DB;
;
    activate Student;
    Student->>Registrar: Register Student;
    activate Registrar;
    Registrar-->>Student: Request Information;
    deactivate Registrar;
;
    activate Student;
    Student->>Registrar: Provide Information;
    activate Registrar;
    Registrar->>System: Validate Information;
    activate System;
;
    alt Information is Valid;
        System->>Database: Update Database;
        activate Database;
        Database-->>System: Acknowledge Update;
        deactivate Database;
;
        System-->>Registrar: Validation Success;
    else Information is Invalid;
        System-->>Registrar: Validation Failure;
    end;
;
    deactivate System;
;
    Registrar-->>Student: Registration Result;
    deactivate Registrar;
    deactivate Student;
"```"",""```mermaid";
sequenceDiagram;
  participant Student;
  participant Frontend;
  participant Backend;
  participant Database;
;
  Student->>Frontend: Register Student;
  activate Frontend;
  Frontend->>Backend: Request Registration (Student Info);
  activate Backend;
  Backend-->Database: Validate Information (Student Info);
  activate Database;
  Database-->>Backend: Validated Status;
  deactivate Database;
  Backend-->>Frontend: Registration Success/Failure;
  deactivate Backend;
  Frontend-->Student : Display Registration Result;
  deactivate Frontend;
;
"```"",""```mermaid";
sequenceDiagram;
    Student >>> Frontend: Request to Register Student;
        alt Validate Information is Correct;
            frontend >>> Backend: Send correct information for validation (alt);
                backend >>> Database: Update with new student record (--> Data Successfully Updated);
                    database >>> back -->|Response| System Notifies Student of Registration Confirmation;
                        ;
        else Validate Information is Incorrect;
            frontend >>> Backend: Send incorrect information for validation ;
                backend >>> Error Message Displayed on Frontend |alt Update Failed (Data Unchanged);
    ;
    alt Successful Registering >>> back -->|Response| System Notifies Student of Registration Confirmation or Reminder to Correct Information and Re-Submit;
        else No Response Received from Database due to Connection Issue ;
            frontend >>> Backend: Request retry with correct information (alt)  ;
                backend >>> Data Successfully Updated |back -->|Response| System Notifies Student of Registration Confirmation or Reminder after Retry;
                    database >>> back -->> Frontend Notification About Update Status and Result;
"```""";
"Sequence,26,""Design a communication diagram for a messaging application. Include participants such as User A, User B, Server, and illustrate message exchanges for sending and receiving messages."",""sequenceDiagram";
  participant UserA;
  participant UserB;
  participant Server;
;
  UserA ->> Server: Send Message;
  Server ->> UserB: Deliver Message;
  UserB ->> Server: Send Reply;
"  Server -->> UserA: Deliver Reply"",""";
Generate a valid, syntactically correct MermaidJS Sequence.;
;
Input Description: Design a communication diagram for a messaging application. Include participants such as User A, User B, Server, and illustrate message exchanges for sending and receiving messages.;
;
Specific Rules for this Diagram:;
;
- Logic: Structure participants as Users -> Frontend -> Backend -> DB.;
- Syntax: Use 'activate' and 'deactivate' for every request/response flow.;
- Arrows: Use (->>) for requests and (-->>) for responses.;
- Handling: Ensure all 'alt', 'else', and 'opt' blocks are covered.;
- Start with: 'sequenceDiagram';
;
;
Format: Respond ONLY with the MermaidJS code block. No conversation.;
,```mermaid;
sequenceDiagram;
"    participant User A as """"User""""";
"    participant Server as """"Server""""";
"    participant DB as """"Database""""";
;
    Note over User A,Server: Request sent from frontend to backend;
    activate User A;
    User A->>Server: (->>) send message;
    alt Message is valid;
        activate Server;
        Server->>DB: (-->>) save message in database;
        deactivate Server;
        deactivate User A;
        Note over DB,User A: Message saved successfully;
    else Message is invalid;
        activate Server;
        Server->>User A: (-->>) error response;
        deactivate Server;
        deactivate User A;
        Note over User A,Server: Error handling;
    end;
;
    alt Database connection successful;
        activate DB;
        Server->>DB: (-->>) retrieve messages from database;
        deactivate DB;
        deactivate Server;
        Note over DB,Server: Messages retrieved successfully;
    else Database connection failed;
        activate Server;
        Server->>User A: (-->>) error response;
        deactivate Server;
        deactivate User A;
        Note over User A,Server: Error handling;
    end;
;
    note over User A,Server: Response received from backend to frontend;
    deactivate User A;
"```"","" ```mermaidjs";
sequenceDiagram;
    participant UserA as User A;
    participant Frontend as Frontend;
    participant Backend as Backend;
    participant DB as Database;
;
"    UserA->>Frontend: Send message """"Hello""""";
    activate Frontend;
    Frontend-->>UserA: Confirmation of receipt;
    Frontend->>Backend: Request to send message;
    activate Backend;
    Backend->>DB: Query to store message;
    DB-->>Backend: Message stored successfully;
    Backend-->>Frontend: Response: Message sent;
    deactivate Backend;
"    Frontend-->>UserA: Display """"Message sent""""";
    deactivate Frontend;
"```"",""```mermaid";
sequenceDiagram;
    participant UserA;
    participant UserB;
    participant Frontend;
    participant Backend;
    participant DB;
;
    UserA->>Frontend: Send message to User B;
    activate Frontend;
    alt Valid input;
        Frontend-->>UserA: Confirmation received;
        deactivate Frontend;
        Frontend->>Backend: Forward message request;
        activate Backend;
        Backend->>DB: Check user existence and retrieve details;
        activate DB;
        opt User exists;
            DB-->>Backend: User data;
            deactivate DB;
            Backend->>Frontend: Message forwarded to User B;
            deactivate Backend;
            Frontend->>UserB: Receive message from User A;
            activate UserB;
            alt User online;
                UserB-->>Frontend: Acknowledge receipt;
                deactivate UserB;
                Frontend-->>UserA: Delivery status update;
            else User offline;
                UserB-->>Frontend: Not available;
                deactivate UserB;
                Frontend-->>UserA: Message saved for later delivery;
            end;
        else User does not exist;
            DB-->>Backend: Error: User not found;
            deactivate DB;
            Backend-->>Frontend: Error message to user A;
            deactivate Backend;
            Frontend-->>UserA: Error notification;
            deactivate Frontend;
        end;
    else Invalid input;
        Frontend-->>UserA: Input error;
        deactivate Frontend;
    end;
"```"",""```mermaid";
sequenceDiagram;
    participant User A;
    participant Frontend (A);
    participant Backend (B);
    participant DB;
"    User A ->> Frontend : Send message """"Hello!""""";
;
    activate Frontend;
    Frontend --> Backend : Message request (->>);
    activate Backend;
    Backend --> DB : Query database (-->>);
    deactivate DB;
    Backend --> Frontend : Message received (-->>);
    deactivate Backend;
"    Frontend --> User A : Display message (""""Hello!"""")";
    deactivate Frontend;
;
    participant User B;
"    User B ->> Frontend : Send message """"Hi there!""""";
;
    activate Frontend;
    Frontend --> Backend : Message request (->>);
    activate Backend;
    Backend --> DB : Query database (-->>);
    deactivate DB;
    Backend --> Frontend : Message received (-->>);
    deactivate Backend;
"    Frontend --> User A : Display message (""""Hi there!"""")";
    deactivate Frontend;
;
"```"",""```mermaid";
sequenceDiagram;
participant UserA in System as A;
participant UserB in System as B;
participant ServerAPI in System under Backend;
participant DatabaseSystem in System under DB;
;
    UserA->>ServerAPI: send message to receive response (alt);
        alt Receive acknowledgment from server API with success status;
            ServerAPI-->>DatabaseSystem: Update record successful -->+ Message Successfully Sent! <<-/Receive Acknowledgment;
            ;
        else If failure in communication, retry or request error details ;
            UserA->>ServerAPI: Retry message (else) and ask for errors if necessary;
                alt Repeat until success;
                    ServerAPI-->>DatabaseSystem: Update record unsuccessful; Request Error Details <<-/Repeat Until Success
            ;
        endIf;
        ;
    else If server is down, handle accordingly ;
        UserA->>ServerAPI: Check service status (opt) and proceed if available or show error otherwise.;
            alt Service Available;
                ServerAPI-->>DatabaseSystem: Update record successful; Show confirmation to A <<-/Service Confirmation        
            ;
            else No services running, inform the user about downtime ;
                UserA-->>ServerUI as ErrorInterface: Display Downtime Notification for System Service. (opt);
                    alt Proceed with alternative communication method if available  ;
                        ServerAPI-->>Alternative Communication Platform: Provide Alternative Contact Information <<-/Providing Info    ;
            ;
            endIf ;
        ;
    else If there are network issues, handle accordingly by deactivating the flow and notifying about it.;
        UserA->>ServerAPI: Check Network Status (opt) before sending message  ;
          opt Reconnect to Internet or use offline mode if possible; otherwise notify user of connectivity problem 
            alt Connects successfully    ;
                ServerAPI-->>DatabaseSystem: Update record successful with timestamp <<-/Connect Confirmation     ;
            ;
            else No internet connection available, inform the User A about unable message sending. (opt)        ;
              opt Attempt automatic reconnect; if not possible notify user to manually try again later  
                ServerAPI-->>Alternative Communication Platform: Show Reconnect Message with Time-out Option <<-(Reconnection Requested). ;
            ;
            endIf    ;
    else If there's a failure in database update, request for manual intervention.;
        UserA->>ServerAPI: Send Update Failure Notification (alt)  ;
          alt Notify user to manually check and fix the issue on their side or contact support if required ;
              ServerAPI-->>DatabaseSystem: Request Manual Intervention; Provide Steps <<-/Manual Fix Details    
            ;
        else Default case, which implies all checks are passed successfully  ;
"            UserA-->>ServerUI as SuccessNotification: Display """"Message Sent"""" Notification to A. (opt)   ";
                alt Show Confirmation of successful message sending with possible delivery time and status updates <<-/Confirm Sending    ;
            ;
        endIf        ;
"```""";
"Sequence,28,""Design a sequence diagram for an online order processing system. Include participants such as Customer, Order Processing System, Payment Gateway, and illustrate the sequence of interactions for placing an order and processing payment."",""sequenceDiagram";
  participant Customer;
  participant OrderProcessingSystem;
  participant PaymentGateway;
;
  Customer ->> OrderProcessingSystem: Place Order;
  OrderProcessingSystem ->> PaymentGateway: Process Payment;
  PaymentGateway -->> OrderProcessingSystem: Payment Response;
"  OrderProcessingSystem -->> Customer: Order Confirmation"",""";
Generate a valid, syntactically correct MermaidJS Sequence.;
;
Input Description: Design a sequence diagram for an online order processing system. Include participants such as Customer, Order Processing System, Payment Gateway, and illustrate the sequence of interactions for placing an order and processing payment.;
;
Specific Rules for this Diagram:;
;
- Logic: Structure participants as Users -> Frontend -> Backend -> DB.;
- Syntax: Use 'activate' and 'deactivate' for every request/response flow.;
- Arrows: Use (->>) for requests and (-->>) for responses.;
- Handling: Ensure all 'alt', 'else', and 'opt' blocks are covered.;
- Start with: 'sequenceDiagram';
;
;
Format: Respond ONLY with the MermaidJS code block. No conversation.;
,```mermaid;
sequenceDiagram;
"    participant Customer as """"Customer""""";
"    participant OrderProcessingSystem as """"Order Processing System""""";
"    participant PaymentGateway as """"Payment Gateway""""";
"    participant DB as """"Database""""";
;
    activate Customer;
    Customer->>Frontend: Place order;
    deactivate Customer;
;
    activate Frontend;
    Frontend->>Backend: Send order data (->>);
    Backend->>DB: Save order to database (-->>);
    DB-->>Backend: Order saved successfully (-->>);
;
    activate Backend;
    Backend->>OrderProcessingSystem: Process order (->>);
    OrderProcessingSystem->>PaymentGateway: Get payment details (->>);
    deactivate Backend;
;
    activate PaymentGateway;
    PaymentGateway->>Customer: Redirect to payment page (-->>);
    Customer->>PaymentGateway: Make payment (->>);
    PaymentGateway->>Backend: Payment successful (-->>);
    deactivate PaymentGateway;
;
    activate Backend;
    alt Payment failed;
        OrderProcessingSystem->>DB: Cancel order (->>);
    else Payment succeeded;
        OrderProcessingSystem->>Customer: Order confirmed (-->>);
    end;
    deactivate Backend;
;
    activate DB;
    DB-->>Backend: Order status updated (-->>);
    deactivate DB;
;
    deactivate Frontend;
"```"","" ```mermaid";
sequenceDiagram;
    participant User;
    participant Frontend;
    participant Backend;
    participant DB;
;
    User->>Frontend: 1. Place Order (POST /order);
    activate Frontend;
"    Frontend-->>"",""```mermaid";
sequenceDiagram;
    participant Customer;
    participant Frontend as Order Processing System (Frontend);
    participant Backend as Order Processing System (Backend);
    participant PaymentGateway;
    participant DB;
;
    Customer->>Frontend: Place Order Request;
    activate Frontend;
    Frontend->>Backend: Process Order Request;
    activate Backend;
    Backend->>DB: Check Inventory;
    alt Inventory Available;
        DB-->>Backend: Inventory Confirmed;
        Backend->>PaymentGateway: Payment Request;
        activate PaymentGateway;
        PaymentGateway->>Customer: Payment Confirmation Page;
        Customer->>PaymentGateway: Confirm Payment;
        PaymentGateway-->>Backend: Payment Success;
        deactivate PaymentGateway;
        Backend->>DB: Save Order Details;
        DB-->>Backend: Order Saved;
    else Inventory Not Available;
        DB-->>Backend: Inventory Not Available;
        Backend-->>Frontend: Inventory Not Available Response;
        Frontend-->>Customer: Inventory Not Available Message;
    end;
    deactivate Backend;
    Frontend-->>Customer: Order Processing Complete;
    deactivate Frontend;
"```"",""```mermaid";
sequenceDiagram;
  participant Customer;
  participant Frontend;
  participant Backend;
  participant DB;
  participant PaymentGateway;
;
  Customer->>Frontend: Place Order Request;
  activate Frontend;
  Frontend-->>Backend: Process Order Request ;
  activate Backend;
  Backend-->>DB: Fetch Product Details;
  activate DB;
  DB-->>Backend: Product Details;
  deactivate DB;
  Backend-->>Frontend: Order Confirmation;
  deactivate Frontend;
;
  Frontend->>PaymentGateway: Initiate Payment (amount);
  activate PaymentGateway;
  PaymentGateway-->>Frontend: Payment Status Response ;
  deactivate PaymentGateway;
;
"```"",""```mermaid";
sequenceDiagram;
"    Customer """"Places Order""""->>|Request|Order Processing System";
        alt Place Payment directly;
            Order Processing System-->>(Process payment)-->Payment Gateway:Authorize credit card;
                alt Authorization Successful;
                    Payment Gateway-->>(Return success response to order processing system)-->Order Processing System:Confirm transaction and send confirmation email;
                else Verify Credit Card details or Expiry Date Failure;
                    Order Processing System:Display error message for incorrect credit card info/expired date;
        else Request additional payment method (alt Payment with alternative like PayPal);
            Customer-->>(Send request to select and authenticate via alternate payment gateway)-->Payment Gateway_Alt;
                alt Authentication Successful & Processing of Alternative Method Begins;
                    Order Processing System:Confirm transaction details from both systems (payment methods if multiple used). Send confirmation email.;
                else Error in Authenticating/Processing Alt Payment method Failure;
"                    Customer-->>(Request to retry or select different payment option)-->Order Processing System""""";
        end;
"```""";
"Sequence,32,""Design a collaboration diagram for a project management tool. Include participants such as Project Manager, Team Member, Task Tracker, and illustrate how tasks are assigned and tracked within the project."",""sequenceDiagram";
  participant ProjectManager;
  participant TeamMember;
  participant TaskTracker;
;
  ProjectManager ->> TaskTracker: Assign Task;
  TaskTracker -->> TeamMember: Notify Task Assignment;
  TeamMember ->> TaskTracker: Update Task Status;
"  TaskTracker -->> ProjectManager: Task Status Update"",""";
Generate a valid, syntactically correct MermaidJS Sequence.;
;
Input Description: Design a collaboration diagram for a project management tool. Include participants such as Project Manager, Team Member, Task Tracker, and illustrate how tasks are assigned and tracked within the project.;
;
Specific Rules for this Diagram:;
;
- Logic: Structure participants as Users -> Frontend -> Backend -> DB.;
- Syntax: Use 'activate' and 'deactivate' for every request/response flow.;
- Arrows: Use (->>) for requests and (-->>) for responses.;
- Handling: Ensure all 'alt', 'else', and 'opt' blocks are covered.;
- Start with: 'sequenceDiagram';
;
;
Format: Respond ONLY with the MermaidJS code block. No conversation.;
,```mermaid;
sequenceDiagram;
"    participant Project Manager as """"PM""""";
"    participant Team Member as """"TM""""";
"    participant Task Tracker as """"TT""""";
;
    Note over PM,TM,TT: Users interact with frontend UI;
    activate PM;
    TM->>TT: Assign task (->>);
    alt Task exists;
        TT-->>TM: Task assigned (-->>);
    else;
        TT-->>TM: Task creation failed (-->>);
    end;
;
    deactivate TM;
    Note over TT,PM: Backend processes task assignment request;
    activate PM;
    TT->>TT: Update database with new task (->>);
    alt Database update successful;
        TT-->>PM: Task updated in DB (-->>);
    else;
        TT-->>PM: Database update failed (-->>);
    end;
;
    deactivate TT;
    Note over TM,PM: Frontend displays task status;
    activate PM;
    TT->>TM: Send task status update (->>);
    alt Task completed;
        TM-->>TT: Task completed (-->>);
    else;
        TM-->>TT: Task not completed (-->>);
    end;
;
    deactivate TM;
"```"","" ```mermaid";
sequenceDiagram;
    participant User;
    participant Frontend;
    participant Backend;
    participant DB;
;
    User->>Frontend: 1. Request to view project tasks;
    activate Frontend;
"    Frontend-->>"",""```mermaid";
sequenceDiagram;
    participant User as Project Manager;
    participant Frontend;
    participant Backend;
    participant DB;
;
    activate User;
    User->>Frontend: Assign Task;
    activate Frontend;
    Frontend-->>Backend: Request Task Assignment;
    activate Backend;
    Backend-->>DB: Query Project Details;
    activate DB;
    DB-->>Backend: Return Project Details;
    deactivate DB;
    alt Task Available;
        Backend-->>Frontend: Confirm Task Assignment;
        Frontend-->>User: Notify Task Assigned;
    else No Tasks Available;
        Backend-->>Frontend: Notify No Available Tasks;
        Frontend-->>User: Inform No Tasks Available;
    end;
    deactivate Backend;
    deactivate Frontend;
    deactivate User;
;
    activate User;
    User->>Frontend: Track Task Progress;
    activate Frontend;
    Frontend-->>Backend: Request Task Status;
    activate Backend;
    Backend-->>DB: Query Task Status;
    activate DB;
    DB-->>Backend: Return Task Status;
    deactivate DB;
    Backend-->>Frontend: Send Task Status;
    Frontend-->>User: Display Task Progress;
    deactivate Backend;
    deactivate Frontend;
    deactivate User;
"```"",""```mermaid";
sequenceDiagram;
  participant Project Manager;
  participant Team Member;
  participant Task Tracker;
  participant Frontend;
  participant Backend;
  participant DB;
;
  Project Manager->>Frontend: Request to create new project (activate);
  Frontend-->>Backend: Create project request (activate);
  Backend-->>DB: Insert new project details (activate);
  DB-->>Backend: Project created confirmation (activate);
  Backend-->>Frontend: Project creation successful (activate);
  Frontend-->>Project Manager: Display project details (deactivate);
;
  Project Manager->>Frontend: Request to view tasks in project (activate);
  Frontend-->>Backend: Retrieve task list request (activate);
  Backend-->>DB: Fetch tasks for project (activate);
  DB-->>Backend: Task list retrieved (activate);
  Backend-->>Frontend: Task list data (activate);
  Frontend-->>Project Manager: Display task list (deactivate);
;
  Team Member->>Frontend: Request to claim task (activate);
  Frontend-->>Backend: Claim task request (activate);
  Backend-->>DB: Update task status (activate);
  DB-->>Backend: Task claimed confirmation (activate);
  Backend-->>Frontend: Task claimed successfully (activate);
  Frontend-->>Team Member: Display task details (deactivate);
;
  Team Member->>Frontend: Request to update task progress (activate);
  Frontend-->>Backend: Update task progress request (activate);
  Backend-->>DB: Update task status (activate);
  DB-->>Backend: Task updated confirmation (activate);
  Backend-->>Frontend: Task update successful (activate);
  Frontend-->>Team Member: Display updated task details (deactivate);
;
"```"",""```mermaid";
sequenceDiagram;
    Participant1 callee as Project Manager;
    Participant2 caller as Team Member;
    alt Task Assignment Process;
        ProjectManager->>TaskTracker: Request task assignment details for new project phase (alt);
            TaskTracker-->>|Assigned Details Here|TeamMember;
            ;
        else No tasks assigned yet, continue monitoring progress and update statuses accordingly;
            TeamMember->>*Monitor Progress & Update Status(opt/else)*;
    ;
    alt Tracking Process Initiated by Manager or Member (alt);
        ProjectManager->>TaskTracker: Request current task tracking information for team members with pending tasks (if any)(optional, if no pending then skip this flow and go to else part above);
            TaskTracker-->>|Tracked Information Here|TeamMember(opt/else)* ;
        ;
    alt Team Member Reports Issue With Assignment or Tracking System;
        TeamMember->>TaskTracker: Report an issue with task assignment process (if any)(optional, if no issues then skip this flow);
            TaskTracker-->>ResponseReceived|ProjectManager(opt/else)* ;
        ;
    alt Response to Issues Involves Communication Chain Back Through Manager and other Members as Needed;
        ProjectManager->>TeamMember: Provide feedback or further instructions based on reported issues (if any);
            TeamMember-->>*Follow-Up Action Here*(opt/else)* ;
    ;
    alt Feedback Loop for Task Tracking Progress Updates from Manager to Members as Needed;
        ProjectManager->>TaskTracker: Send updates regarding task tracking progress or changes (if any) at regular intervals(optional, if no need then skip this flow and go back to else part above after issue report handling flows are covered)* ;
        ;
    alt Backend Communication with Database System for Task Updates Logging;
        TaskTracker-->>|Database Update Here* when logging task assignments or tracking updates (inserts/updates on DB);
            ;
"```""";
"Sequence,35,""Design a communication diagram for a chat application. Include participants such as User, Chat Server, and illustrate the flow of messages between users through the server."",""sequenceDiagram";
  participant User;
  participant ChatServer;
;
  User ->> ChatServer: Send Message;
  ChatServer -->> User: Message Received;
"  ChatServer -->> User: Deliver Message"",""";
Generate a valid, syntactically correct MermaidJS Sequence.;
;
Input Description: Design a communication diagram for a chat application. Include participants such as User, Chat Server, and illustrate the flow of messages between users through the server.;
;
Specific Rules for this Diagram:;
;
- Logic: Structure participants as Users -> Frontend -> Backend -> DB.;
- Syntax: Use 'activate' and 'deactivate' for every request/response flow.;
- Arrows: Use (->>) for requests and (-->>) for responses.;
- Handling: Ensure all 'alt', 'else', and 'opt' blocks are covered.;
- Start with: 'sequenceDiagram';
;
;
Format: Respond ONLY with the MermaidJS code block. No conversation.;
,```mermaid;
sequenceDiagram;
"    participant User1 as """"Alice""""";
"    participant User2 as """"Bob""""";
"    participant Frontend as """"Browser (Frontend)""""";
"    participant Backend as """"Server (Backend)""""";
"    participant DB as """"Database""""";
;
    Note over User1,User2: Users initiate chat conversation;
;
    activate User1;
"    User1->>Frontend: SendMessage(msg=""""Hello!"""")";
    deactivate User1;
;
    activate Frontend;
"    Frontend->>Backend: SendMessage(msg=""""Hello!"""", to=Bob)";
    deactivate Frontend;
;
    activate Backend;
    alt Bob is online;
"        Backend->>Frontend: ForwardMessage(from=Alice, msg=""""Hello!"""")";
    else ;
"        Backend->>DB: Store Message (msg=""""Hello!"""", from=Alice) as queued message";
        DB-->>Backend: Notify when Bob goes online;
    end;
    deactivate Backend;
;
    activate Frontend;
    alt queued message exists;
        Frontend->>User2: Notify pending message from Alice;
    else ;
        Frontend->>Backend: Request Message Status (from=Alice);
    end;
    deactivate Frontend;
;
    activate Backend;
    opt Bob has seen the message;
        Backend->>Frontend: MessageStatus(status=seen);
    alt queued message exists;
        Backend->>DB: Delete pending message from Alice;
    else ;
        Backend->>Frontend: Request Message Status (from=Alice) for second time;
    end;
    deactivate Backend;
;
"```"","" ```mermaid";
sequenceDiagram;
    participant User;
    participant Frontend;
    participant Backend;
    participant DB;
;
    User ->>+ Frontend : Send Message;
    activate Frontend;
    Frontend -->>- User : Acknowledge Message Received;
    Frontend ->>+ Backend : Send Message to Server;
    activate Backend;
    Backend ->> Backend : Validate Message;
    opt Invalid Message;
        Backend -->>- Frontend : Error Response;
        deactivate Backend;
        Frontend -->>- User : Notify Message Not Sent;
    else Valid Message;
        Backend ->>+ DB : Store Message;
        activate DB;
        DB -->>- Backend : Confirm Message Stored;
        Backend -->>- Frontend : Acknowledge Message Stored;
        deactivate DB;
        Frontend -->>- User : Notify Message Sent;
        deactivate Frontend;
    end;
"```"",""```mermaid";
sequenceDiagram;
    participant User1;
    participant Frontend;
    participant Backend;
    participant DB;
    participant User2;
;
    activate User1;
    User1->>Frontend: Send message;
    activate Frontend;
    Frontend-->>User1: Acknowledge receipt;
    deactivate User1;
;
    activate Frontend;
    Frontend->>Backend: Forward message;
    activate Backend;
    Backend-->>Frontend: Message received;
    deactivate Frontend;
;
    activate Backend;
    Backend->>DB: Save message;
    alt Success;
        DB-->>Backend: Save successful;
    else Failure;
        DB-->>Backend: Save failed;
    end;
    deactivate Backend;
;
    activate Backend;
    Backend->>Frontend: Notify success/failure;
    deactivate Backend;
;
    activate Frontend;
    Frontend-->>User1: Display success/failure message;
    deactivate Frontend;
;
    opt Message delivery to User2;
        activate Backend;
        Backend->>Frontend: Fetch messages for User2;
        deactivate Backend;
;
        activate Frontend;
        Frontend-->>User2: Send received message;
        deactivate Frontend;
    end;
"```"",""```mermaid";
sequenceDiagram;
    participant User1;
    participant Frontend;
    participant Backend;
    participant DB;
;
    User1->>Frontend: Send message (Request);
    activate Frontend;
    Frontend-->Backend: Forward message (Request);
    activate Backend;
    Backend-->DB: Query for recipient user (Request);
    activate DB;
    DB-->>Backend: Recipient user details (Response);
    deactivate DB;
    Backend-->Frontend: Message delivery confirmation (Response);
    deactivate Backend;
    Frontend->>User1: Display message (Notification);
    deactivate Frontend;
;
"```"",""```mermaid";
sequenceDiagram;
    Participant User A ref();
    Participant Chat Server ref(A);
    ;
    alt When a user sends a message;
"        User A->>Chat Server: sendMessage(""""Hello, how are you?"""") (alt Handling for successful sending of the message)";
            ChatServer-->>User B: acknowledge receipt & confirm delivery -->|else if failure detected|;
                ChatServer->>ErrorHandlingService ref(B): handleSendFailure();
            ;
        else If no errors occur in transmission (opt Handling for success case without handling service);
"            User A-->Chat Server: sendMessage(""""Hello, how are you?"""") -->> Confirmation of successful delivery";
    ;
    end;
"```""";
"Sequence,37,""Create a sequence diagram for a hotel booking system. Include participants such as Customer, Receptionist, and illustrate the sequence of actions from booking a room to check-out."",""sequenceDiagram";
  participant Customer;
  participant Receptionist;
;
  Customer ->> Receptionist: Book Room;
  Receptionist ->> Customer: Confirm Booking;
  Customer ->> Receptionist: Provide Details;
  Receptionist ->> Customer: Confirm Details;
  Customer ->> Receptionist: Payment;
  Receptionist ->> Customer: Payment Confirmation;
  Customer ->> Receptionist: Check-out;
"  Receptionist ->> Customer: Check-out Confirmation"",""";
Generate a valid, syntactically correct MermaidJS Sequence.;
;
Input Description: Create a sequence diagram for a hotel booking system. Include participants such as Customer, Receptionist, and illustrate the sequence of actions from booking a room to check-out.;
;
Specific Rules for this Diagram:;
;
- Logic: Structure participants as Users -> Frontend -> Backend -> DB.;
- Syntax: Use 'activate' and 'deactivate' for every request/response flow.;
- Arrows: Use (->>) for requests and (-->>) for responses.;
- Handling: Ensure all 'alt', 'else', and 'opt' blocks are covered.;
- Start with: 'sequenceDiagram';
;
;
Format: Respond ONLY with the MermaidJS code block. No conversation.;
,```mermaid;
sequenceDiagram;
"    participant Users as """"Customer""""";
"    participant Frontend as """"Hotel Website""""";
"    participant Backend as """"Booking System""""";
"    participant DB as """"Database""""";
;
"    Users->>Frontend: click """"Book Room"""" button (->>)";
    activate Frontend;
    Frontend->>Backend: send booking request (-->>) ;
    deactivate Frontend;
;
    alt User is logged in;
        Backend->>Users: display room options (-->>);
        Users->>Backend: select room (-->>);
    else;
        Backend->>Users: prompt for login (->>);
    end;
    ;
    activate Backend;
    Backend->>DB: store booking information (-->>) ;
    deactivate Backend;
;
    alt Room is available;
        DB->>Frontend: return booking confirmation (-->>);
        Frontend->>Users: display booking success message (-->>);
    else;
        DB->>Frontend: return error message (->>);
    end;
    ;
"    Users->>Frontend: click """"Check-Out"""" button (->>)";
    activate Frontend;
    Frontend->>Backend: send check-out request (-->>) ;
    deactivate Frontend;
;
    alt Booking is confirmed;
"        Backend->>DB: update booking status to """"checked out"""" (-->>)";
        DB->>Frontend: return check-out confirmation message (-->>);
    else;
        Backend->>Users: prompt for payment (->>);
    end;
    ;
    deactivate Backend;
"```"","" ```mermaidjs";
sequenceDiagram;
    participant User;
    participant Frontend;
    participant Backend;
    participant DB;
;
    User->>Frontend: Initiate Booking Request;
    activate Frontend;
"    Frontend-->>"",""```mermaid";
sequenceDiagram;
    participant Customer as User;
    participant Receptionist as Frontend;
    participant HotelBookingSystem as Backend;
    participant Database as DB;
;
    Customer->>Receptionist: Request to Book a Room;
    activate Receptionist;
    Receptionist-->>HotelBookingSystem: Forward Booking Request;
    activate HotelBookingSystem;
    HotelBookingSystem-->>Database: Check Availability;
    activate Database;
    alt Availability Found;
        Database-->>HotelBookingSystem: Confirm Availability;
        HotelBookingSystem-->>Receptionist: Room Booked Successfully;
        Receptionist-->>Customer: Notify Booking Confirmation;
    else No Availability;
        Database-->>HotelBookingSystem: No Rooms Available;
        HotelBookingSystem-->>Receptionist: Inform No Rooms Available;
        Receptionist-->>Customer: Notify No Rooms Available;
    end;
    deactivate Database;
    deactivate HotelBookingSystem;
    deactivate Receptionist;
;
    Customer->>Receptionist: Request to Check-out;
    activate Receptionist;
    Receptionist-->>HotelBookingSystem: Forward Check-out Request;
    activate HotelBookingSystem;
    HotelBookingSystem-->>Database: Update Room Status;
    activate Database;
    Database-->>HotelBookingSystem: Room Status Updated;
    HotelBookingSystem-->>Receptionist: Check-out Successful;
    Receptionist-->>Customer: Notify Check-out Confirmation;
    deactivate Database;
    deactivate HotelBookingSystem;
    deactivate Receptionist;
"```"",""```mermaid";
sequenceDiagram;
    participant Customer;
    participant Frontend;
    participant Backend;
    participant DB;
;
    Customer->>Frontend: Request room booking (Activate);
    activate Frontend;
    Frontend->>Backend: Booking request (->>) ;
    activate Backend;
    Backend-->>DB: Check room availability (->>);
    activate DB;
    alt Room available;
      DB-->>Backend: Available rooms details (->>);
      deactivate DB;
      Backend-->>Frontend: Confirmation message (->>);
      deactivate Backend;
      Frontend-->>Customer: Booking successful (->>);
      deactivate Frontend;
    else Room not available;
      DB-->>Backend: No rooms available (->>);
      deactivate DB;
      Backend-->>Frontend: No rooms available message (->>);
      deactivate Backend;
      Frontend-->>Customer: No rooms available (->>);
      deactivate Frontend;
    opt Customer->>Frontend: Request cancellation (Activate);
      activate Frontend;
      Frontend->>Backend: Cancellation request (->>);
      activate Backend;
      Backend-->>DB: Update booking status (->>);
      activate DB;
      DB-->>Backend: Booking cancelled successfully (->>);
      deactivate DB;
      Backend-->>Frontend: Cancellation successful message (->>);
      deactivate Backend;
      Frontend-->>Customer: Cancellation confirmed (->>);
      deactivate Frontend;
    opt Customer->>Frontend: Request check-out (Activate);
      activate Frontend;
      Frontend->>Backend: Check-out request (->>);
      activate Backend;
      Backend-->>DB: Update booking status (->>);
      activate DB;
      DB-->>Backend: Check-out successful (->>);
      deactivate DB;
      Backend-->>Frontend: Check-out confirmation message (->>);
      deactivate Backend;
      Frontend-->>Customer: Checked out successfully (->>);
      deactivate Frontend;
;
;
"```"",""```mermaid";
sequenceDiagram;
"    User """"Book Room""""->>Receptionist";
        Receptionist: requestRoom()-(opt)-->>Frontend[Process Request];
        ;
        Frontend-->>Backend[Validate & Booking Confirmation or Errors with Message from DB];
    ;
      alt Backend confirms booking;
"          User-->>Receptionist(response=""""Confirmed"""")";
          ;
       else No room available in the requested dates and times;
"            Receptionist: informCustomer(""""No rooms available, please choose different date/time."""")-(alt)-->>Frontend[Error Message Displayed]";
            ;
        alt Customer selects new time slot based on error message.;
          User-->>Receptionist(requestRoom())-(opt)-->>Backend[Process Request Again with New Information from DB and Confirmation or Errors with Messages Back to Frontend/User as Needed].   ;
        ;
      else Invalid date format, etc. provided by Customer;
"            Receptionist: informCustomer(""""Invalid input, please ensure correct formatting for dates."""")-(alt)-->>Frontend[Error Message Displayed]    ";
            ;
        alt Correcting Input from User and request again with the proper data structure/format   ;
          User-->>Receptionist(requestRoom())---| |>(opt)-->Backend[Process Request Again].     ;
        ;
       else Backup room available for booking.  ;
"            Receptionist: informCustomer(""""A backup room is now reserved under your name."""")-(alt)-->>Frontend[Confirmation of Booked Room]   ";
    ;
        alt Customer confirms all details and prepares to checkout ;
          User-->>Receptionist(checkoutBooking())---| |>(opt)-->Backend[Process Check-Out Request].  ;
        ;
      else Cancelled or Modified by Receptionist during Booking.      ;
            Receptionist: modifyRoomDetails()-(alt)-->>Frontend[Updated Room Details Displayed]   ;
            ;
        alt Customer confirms updated details and proceeds to checkout    ;
          User-->>Receptionist(checkoutBooking())---| |>(opt)-->Backend[Process Check-Out Request].  ;
          ;
      else Backup room is also cancelled or modified.      ;
            Receptionist: modifyRoomDetails()-(alt)-->>Frontend[Updated Room Details Displayed]   ;
            ;
        alt Customer confirms updated details and proceeds to checkout    ;
          User-->>Receptionist(checkoutBooking())---| |>(opt)-->Backend[Process Check-Out Request].  0:invariant();
          ;
      else Previous cancellation was successful.      ;
            Receptionist: releaseRoomDetailsFromPrevCancellation-(alt)-->>Frontend[Notifications of Room Release]   ;
    ;
        alt Customer acknowledges previous room's availability for new booking  ;
          User-->>Receptionist(requestRoom())---| |>(opt)-->Backend[Process Request Again]. 1:invariant();
          ;
      else Other Error from BackEnd (Logic not covered in this scenario, but can be added similarly).      ;
"            Receptionist showsErrorMessageFromDB-(alt)-->>Frontend[""""Specialized DB error message displayed""""]   ";
    0:always       ;
"```""";
"Sequence,44,""Design a collaboration diagram for a messaging application. Include objects such as User, Message, and illustrate the sequence of messages exchanged between users."",""sequenceDiagram";
  participant User1;
  participant User2;
;
  User1 ->> User2: Send Message;
"  User2 ->> User1: Receive Message"",""";
Generate a valid, syntactically correct MermaidJS Sequence.;
;
Input Description: Design a collaboration diagram for a messaging application. Include objects such as User, Message, and illustrate the sequence of messages exchanged between users.;
;
Specific Rules for this Diagram:;
;
- Logic: Structure participants as Users -> Frontend -> Backend -> DB.;
- Syntax: Use 'activate' and 'deactivate' for every request/response flow.;
- Arrows: Use (->>) for requests and (-->>) for responses.;
- Handling: Ensure all 'alt', 'else', and 'opt' blocks are covered.;
- Start with: 'sequenceDiagram';
;
;
Format: Respond ONLY with the MermaidJS code block. No conversation.;
,```;
sequenceDiagram;
"    participant User1 as """"John""""";
"    participant User2 as """"Alice""""";
"    participant Frontend as """"Web App""""";
"    participant Backend as """"Server""""";
"    participant DB as """"Database""""";
;
    activate User1;
    Note over User1: Send message to Alice;
    User1 ->> Frontend: Message text;
    alt John sends an image;
        Frontend ->> Backend: Image attachment;
        opt Image is too large;
            Backend --> Frontend: Error response;
            deactivate Frontend;
            deactivate Backend;
        else;
            Backend ->> DB: Store image;
            DB -->> Backend: Stored successfully;
            Backend -->> Frontend: Upload successful;
            Note over Frontend: Display message to Alice;
        end;
    else;
        Frontend ->> Backend: Message text;
        Backend ->> DB: Store message;
        DB -->> Backend: Stored successfully;
        Backend -->> Frontend: Sent successfully;
        Note over Frontend: Display message to Alice;
    end;
    deactivate User1;
;
    activate User2;
    Note over User2: Receive message from John;
    Frontend -->> User2: Message text;
    alt Alice sees the message;
        Note over User2: Read and respond;
        User2 ->> Frontend: Response text;
        Frontend ->> Backend: Response text;
        Backend ->> DB: Store response;
        DB -->> Backend: Stored successfully;
        Backend -->> Frontend: Sent successfully;
    end;
    deactivate User2;
"```"","" ```mermaid";
sequenceDiagram;
    participant User;
    participant Frontend;
    participant Backend;
    participant DB;
;
    User ->>+ Frontend : Send message request;
    activate Frontend;
    Frontend -->>- User : Acknowledge message request;
    opt Message exists in local cache;
        Frontend -->> Frontend : Fetch message from local cache;
    else Message does not exist in local cache;
        Frontend ->>+ Backend : Request message data;
        activate Backend;
        Backend -->>- Frontend : Send message data;
        Frontend ->>+ DB : Save message to database;
        activate DB;
        DB -->>- Frontend : Confirm message save;
        deactivate DB;
    end;
    Frontend -->> Frontend : Process and display message;
    deactivate Frontend;
"```"",""```mermaid";
sequenceDiagram;
    participant User1;
    participant User2;
    participant Frontend;
    participant Backend;
    participant DB;
;
    activate User1;
    User1->>Frontend: Send message to User2;
    activate Frontend;
    Frontend-->>Backend: Request to send message;
    activate Backend;
    Backend-->>DB: Query recipient's status (User2);
    alt User2 is online;
        DB-->>Backend: Return User2 is online;
        Backend->>Frontend: Confirm user is online;
        Frontend-->>User1: Notify user is online;
        Frontend->>Backend: Send message to User2;
        Backend->>DB: Save message;
        DB-->>Backend: Message saved successfully;
        Backend-->>User2: New message notification;
        activate User2;
        User2->>Frontend: Retrieve message;
        Frontend-->>Backend: Request for messages;
        Backend-->>DB: Fetch message from User1 to User2;
        DB-->>Backend: Return message content;
        Backend-->>Frontend: Deliver message;
        Frontend-->>User2: Display message from User1;
    else User2 is offline;
        DB-->>Backend: Return User2 is offline;
        Backend->>Frontend: Confirm user is offline;
        Frontend-->>User1: Notify user is offline, message saved for later;
        Backend->>DB: Save message (pending);
        DB-->>Backend: Message saved successfully;
    end;
    deactivate Backend;
    deactivate Frontend;
    deactivate User1;
    deactivate User2;
"```"",""```mermaid";
sequenceDiagram;
    participant User1;
    participant Frontend;
    participant Backend;
    participant DB;
;
"    User1->>Frontend: Send message (e.g., """"Hello!"""")";
    activate Frontend;
    Frontend->>Backend: Request message storage;
    activate Backend;
    Backend-->>DB: Store message in database;
    deactivate DB;
    Backend-->>Frontend: Confirmation of storage success;
    deactivate Backend;
    Frontend->>User1: Display confirmation message;
    deactivate Frontend;
;
"```"",""```mermaid";
sequenceDiagram;
User A->>Frontend;
Frontend->>(alt)Message B>>Backend-->>DB<<-(else)-[Response C];
User B->>|Alt Flow Message D-->|Else Flow Backend-->>Database-<<(response E)|;
User A->>OptFlow Frontend->>database:Send Optimized Query (query F)->>[Query Response G]->Backend-->>DB<<-(alt)-[Response H];
"```""";
"State,2,""Develop a state machine diagram for a vending machine. Include states such as Idle, Select Product, Insert Coin, Dispense Product, and transitions like Product Selected, Coin Inserted, Product Dispensed."",""stateDiagram-v2";
  [*] --> Idle;
  Idle --> Select Product : Product Selected;
  Select Product --> Insert Coin : Coin Inserted;
  Insert Coin --> Dispense Product : Product Dispensed;
"  Dispense Product --> Idle"",""";
Generate a valid, syntactically correct MermaidJS State.;
;
Input Description: Develop a state machine diagram for a vending machine. Include states such as Idle, Select Product, Insert Coin, Dispense Product, and transitions like Product Selected, Coin Inserted, Product Dispensed.;
;
Specific Rules for this Diagram:;
;
#NAME?;
- Syntax: Use '[*]' for initial and final states.;
- Transitions: Use '-->' with descriptions for state changes.;
- Start with: 'stateDiagram-v2';
;
;
Format: Respond ONLY with the MermaidJS code block. No conversation.;
,```mermaid;
stateDiagram-v2;
[*] --> Idle;
Idle --> Select Product: Product Selected;
Select Product --> Insert Coin: Coin Inserted;
Insert Coin --> Dispense Product: Product Dispensed;
Dispense Product --> [*]: Product Given;
"```"","" ```mermaid";
stateDiagram-v2;
    [*] --> Idle;
    Idle --> SelectProduct : Product Selected;
    Idle --> InsertCoin : Coin Inserted;
    SelectProduct --> DispenseProduct : Product Dispensed;
    SelectProduct --> InsertCoin : Coin Inserted;
    InsertCoin --> DispenseProduct : Product Dispensed;
    InsertCoin --> SelectProduct : Product Selected;
    DispenseProduct --> [*];
"```"",""```mermaid";
stateDiagram-v2;
    [*] --> Idle;
    Idle --> SelectProduct : User selects product;
    SelectProduct --> InsertCoin : Product Selected;
    InsertCoin --> DispenseProduct : Coin Inserted;
    DispenseProduct --> Idle : Product Dispensed;
    DispenseProduct --> [*] : Error or No Change;
"```"",""```mermaid";
stateDiagram-v2;
[*] --> Idle;
Idle --> Select Product : Product Selected;
Select Product --> Insert Coin : Coin Inserted;
Insert Coin --> Dispense Product : Coin Inserted;
Dispense Product --> Idle : Product Dispensed;
;
"```"",""```mermaid";
stateDiagram-v2;
;
initialState * --> Idle;
Idle     --> Select Product : User selects a product;
         + IncreaseSelectionTime : if idle for too long without selection;
"SelectProduct* -- """"User Selected: (product)"""" --> InsertCoin : Triggered by user action";
             |      NoTrigger        -> ReturnToIdle;
InsertCoin   --> DispenseProduct    : Sufficient amount inserted detected;
         + InsufficientAmount  --> Idle                     : Not enough coins for the product;
"DispenseProduct* -- """"Item Released""""       --> EndProcessing              : Product dispensed, machine stops accepting input.";
"```""";
"State,10,""Create a state machine diagram for a vending machine. Include states such as Idle, Accepting Coins, Selecting Product, Dispensing Product, and illustrate transitions between these states."",""stateDiagram-v2";
  state Idle {;
    [*] --> Ready;
    Ready --> Accepting Coins;
  };
  state Accepting Coins {;
    Accepting Coins --> Selecting Product;
  };
  state Selecting Product {;
    Selecting Product --> Dispensing Product;
  };
  state Dispensing Product {;
    Dispensing Product --> Ready;
"  }"",""";
Generate a valid, syntactically correct MermaidJS State.;
;
Input Description: Create a state machine diagram for a vending machine. Include states such as Idle, Accepting Coins, Selecting Product, Dispensing Product, and illustrate transitions between these states.;
;
Specific Rules for this Diagram:;
;
#NAME?;
- Syntax: Use '[*]' for initial and final states.;
- Transitions: Use '-->' with descriptions for state changes.;
- Start with: 'stateDiagram-v2';
;
;
Format: Respond ONLY with the MermaidJS code block. No conversation.;
,```mermaid;
stateDiagram-v2;
[*] --> Idle;
state Idle {;
  --[*]--> Accepting Coins : user_inserts_coin;
};
state Accepting Coins {;
  --[*]--> Selecting Product : product_selected;
};
state Selecting Product {;
  --[*]--> Dispensing Product : product_confirmed;
};
state Dispensing Product {;
  --[*]--> [*] : product_delivered;
};
;
"```"","" ```mermaid";
stateDiagram-v2;
    [*] --> Idle;
    Idle --> Accepting_Coins : Coin inserted;
    Accepting_Coins --> Selecting_Product : Product selected;
    Accepting_Coins --> Dispensing_Product : Cancel or no selection made;
    Selecting_Product --> Dispensing_Product : Product chosen and payment completed;
    Selecting_Product --> Idle : Timeout or cancel;
    Dispensing_Product --> Idle : Product dispensed;
    Dispensing_Product --> Accepting_Coins : Refund requested;
"```"",""```mermaid";
stateDiagram-v2;
    [*] --> Idle;
    Idle --> Accepting Coins : Insert Coin;
    Accepting Coins --> Selecting Product : Select Product;
    Selecting Product --> Dispensing Product : Confirm Selection;
    Dispensing Product --> Idle : Complete Transaction;
    Dispensing Product --> Idle : Cancel Transaction;
"```"",""```mermaid";
stateDiagram-v2;
[*] --> Idle;
;
Idle --> Accepting Coins : Insert Coin;
Accepting Coins --> Idle : Enough Money;
Accepting Coins --> Selecting Product : Select Product;
Selecting Product --> Dispensing Product : Start Dispensing;
Dispensing Product --> Idle : Product Dispensed ;
"```"",""```mermaid";
stateDiagram-v2;
;
initialState: Idle;
finalStates: Dispensing Product, MaintenintegrityCheckFailed;
;
[Idle] -->|Accepts coins and starts transaction| Accepting Coins;
"[Accepting Coins] -- """"Not enough money""""--> [Idle]";
"[Accepting Coins] - evaluation(""""Correct coin denomination"""")/10 -> Selecting Product";
"[Selecting Product]     -- """"Invalid selection, no product available"""" --> Idle";
[Selecting Product]  -- (correct:product code)--> DispensingProduct;
[Dispensing Product]    -- Verify dispense success or failure?   | MaintenintegrityCheckFailed| SuccessfulDispatch {VendingMachineFinished};
"```""";
"State,20,""Create a state machine diagram for an ATM system. Include states such as Idle, Processing, Withdrawal, Deposit, and illustrate the transitions between these states."",""stateDiagram-v2";
  [*] --> Idle;
  Idle --> Processing : User inserts card;
  Processing --> Withdrawal : User selects withdrawal;
  Processing --> Deposit : User selects deposit;
  Withdrawal --> Idle : Transaction complete;
"  Deposit --> Idle : Transaction complete"",""";
Generate a valid, syntactically correct MermaidJS State.;
;
Input Description: Create a state machine diagram for an ATM system. Include states such as Idle, Processing, Withdrawal, Deposit, and illustrate the transitions between these states.;
;
Specific Rules for this Diagram:;
;
#NAME?;
- Syntax: Use '[*]' for initial and final states.;
- Transitions: Use '-->' with descriptions for state changes.;
- Start with: 'stateDiagram-v2';
;
;
Format: Respond ONLY with the MermaidJS code block. No conversation.;
,```mermaid;
stateDiagram-v2;
    [*] --> Idle;
    Idle --> Processing : PIN Verified;
    Processing --> Withdrawal : Requested Amount <= Balance;
    Processing --> Deposit : Requested Amount > 0;
    Withdrawal --> Idle : Withdrawal Successful;
    Deposit --> Idle : Deposit Successful;
    Processing --> Error : Insufficient Funds or Invalid PIN;
    Error --> Idle : Cancelled by User;
;
    note right of Idle: ATM is ready for user interaction;
    note left of Error: ATM displays error message to the user;
"```"","" ```mermaid";
stateDiagram-v2;
    [*] --> Idle;
    Idle --> Processing : User interaction;
    Processing --> Withdrawal : Select Withdrawal;
    Processing --> Deposit : Select Deposit;
    Withdrawal --> Processing : Transaction complete or cancelled;
    Deposit --> Processing : Transaction complete or cancelled;
    Processing --> Idle : No user activity for 10 minutes;
"```"",""```mermaid";
stateDiagram-v2;
    [*] --> Idle : Power On;
;
    Idle --> Processing : User Input;
    Processing --> Withdrawal : Withdraw Request;
    Processing --> Deposit : Deposit Request;
    Withdrawal --> Idle : Transaction Complete;
    Deposit --> Idle : Transaction Complete;
;
    Idle --> [*] : Power Off;
"```"",""```mermaid";
stateDiagram-v2;
[*] --> Idle;
;
Idle --> Processing : User requests operation;
Processing --> Withdrawal : Withdrawal requested;
Withdrawal --> Idle : Withdrawal complete;
Processing --> Deposit : Deposit requested;
Deposit --> Idle : Deposit complete ;
"```"",""```mermaid";
stateDiagram-v2;
;
initialState: Idle;
finalStates: Withdrawal, Deposit;
;
[Idle] --> Processing : Initiate Transaction Requested;
Processing --> [Withdrawal] : Preparation Complete for Cash Withdrawal;
Processing --> [Deposit] : Prepare For Money Deposit;
;
"[Withdrawal] --""""Cash withdrazymaking complete?""""--> [Idle]";
"[Deposit] -""""Money deposited successfully.""""-> [Idle]";
"```""";
"State,30,""Design a state machine diagram for an ATM machine. Include states such as Idle, Checking PIN, Selecting Transaction, Processing Transaction, and illustrate transitions between these states."",""stateDiagram-v2";
  [*] --> Idle;
  Idle --> CheckingPIN: Insert Card;
  CheckingPIN --> SelectingTransaction: Enter PIN;
  SelectingTransaction --> ProcessingTransaction: Select Transaction;
  ProcessingTransaction --> Idle: Complete Transaction;
"  CheckingPIN --> Idle: Cancel Transaction"",""";
Generate a valid, syntactically correct MermaidJS State.;
;
Input Description: Design a state machine diagram for an ATM machine. Include states such as Idle, Checking PIN, Selecting Transaction, Processing Transaction, and illustrate transitions between these states.;
;
Specific Rules for this Diagram:;
;
#NAME?;
- Syntax: Use '[*]' for initial and final states.;
- Transitions: Use '-->' with descriptions for state changes.;
- Start with: 'stateDiagram-v2';
;
;
Format: Respond ONLY with the MermaidJS code block. No conversation.;
,```mermaid;
stateDiagram-v2;
[*] --> Idle;
Idle --> Checking_PIN : Enter PIN;
Checking_PIN --> Selecting_Transaction : Correct PIN;
Selecting_Transaction --> Processing_Transaction : Select Transaction;
Processing_Transaction --> [*] : Transaction Complete;
Selecting_Transaction --> Error : Incorrect PIN;
Error --> Idle : Retry or Cancel;
"```"","" ```mermaid";
stateDiagram-v2;
    [*] --> Idle;
    Idle --> Checking PIN : Enter PIN;
    Checking PIN --> Selecting Transaction : Valid PIN;
    Checking PIN --> [*] : Invalid PIN;
    Selecting Transaction --> Processing Transaction : Select Withdrawal;
    Selecting Transaction --> [*] : Cancel;
    Processing Transaction --> [*] : Complete;
    Processing Transaction --> Idle : Abort;
"```"",""```mermaid";
stateDiagram-v2;
    [*] --> Idle : Power On;
    Idle --> CheckingPIN : User Insert Card;
    CheckingPIN --> SelectingTransaction : Correct PIN;
    CheckingPIN --> CheckingPIN : Incorrect PIN;
    SelectingTransaction --> ProcessingTransaction : User Selects Transaction;
    ProcessingTransaction --> Idle : Transaction Complete;
"```"",""```mermaid";
stateDiagram-v2;
[*] --> Idle;
Idle --> Checking PIN : User inserts card;
Checking PIN --> Processing Transaction : PIN entered correctly;
Checking PIN --> Idle : Incorrect PIN entered;
Processing Transaction --> Selecting Transaction : Transaction selected;
Selecting Transaction --> Processing Transaction : Transaction processed;
Processing Transaction --> Idle : Transaction completed;
;
"```"",""```mermaid";
stateDiagram-v2;
initialState: Idle;
"finalStates: [""""Processing Transaction""""]";
states:;
    Idle;
    Checking PIN;
    Selecting Transaction;
    Processing Transaction;
arrows:;
"    -->|Entered transaction code and matched with bank's system | """"Checking PIN""""";
    --&-->|Incorrect input detected during the first attempt or after several failed attempts within a time limit|Idle;
"    --->ProcessTransact:""""Selected withdrawal, deposit or transfer from ATM.""""";
"    -->InvalidTransaction:{""""Error in transaction selection""""}";
"```""";
"State,48,""Design a state machine diagram for an ATM machine. Include states such as Idle, Processing, Withdrawal, and illustrate transitions between these states."",""stateDiagram-v2";
  [*] --> Idle;
  Idle --> Processing : Card Inserted;
  Processing --> Withdrawal : PIN Correct;
  Withdrawal --> Processing : Insufficient Funds;
"  Withdrawal --> Idle : Transaction Complete"",""";
Generate a valid, syntactically correct MermaidJS State.;
;
Input Description: Design a state machine diagram for an ATM machine. Include states such as Idle, Processing, Withdrawal, and illustrate transitions between these states.;
;
Specific Rules for this Diagram:;
;
#NAME?;
- Syntax: Use '[*]' for initial and final states.;
- Transitions: Use '-->' with descriptions for state changes.;
- Start with: 'stateDiagram-v2';
;
;
Format: Respond ONLY with the MermaidJS code block. No conversation.;
,```mermaid;
stateDiagram-v2;
[*] --> Idle;
    note right of Idle : Initial State\n User inserts card and PIN;
Idle --> Processing : Card accepted and PIN verified;
Processing --> Withdrawal : Amount selected for withdrawal;
note right of Withdrawal : ATM dispenses cash;
Withdrawal --> [*] : Cash given to user;
"```"","" ```mermaid";
stateDiagram-v2;
    [*] --> Idle;
    Idle --> Processing : User enters PIN;
    Processing --> Withdrawal : User selects withdrawal;
    Withdrawal --> Processing : ATM validates withdrawal amount;
    Processing --> Idle : Transaction complete or cancelled;
"```"",""```mermaid";
stateDiagram-v2;
    [*] --> Idle : Power On;
;
    Idle --> Processing : User Requests Transaction;
    Processing --> Withdrawal : Valid Withdrawal Request;
    Withdrawal --> Idle : Transaction Complete;
    Processing --> Idle : Invalid Request or Error;
    Withdrawal --> Idle : Transaction Cancelled;
;
    Idle --> [*] : Power Off;
"```"",""```mermaid";
stateDiagram-v2;
[*] --> Idle;
Idle --> Processing : User Insert Card;
Processing --> Withdrawal : User Requests Withdrawal;
Withdrawal --> Processing : Cash Dispensed;
Processing --> Idle : Transaction Completed ;
"```"",""```mermaid";
stateDiagram-v2;
[Idle]:startState;
"[Processing] : Idle --> Processing """"User selects a transaction type""""";
"[Withdrawal]:Processing -> Withdrawal """"Transaction selected is withdrawal""""";
"[Completed]:Withdrawal -- """"Transfer complete"""" --> Completed";
"[Withdrawal]:Processing - """"Invalid selection or error during processing"""" --> Idle";
"```""";
"State,889,""Create a state machine diagram for an online shopping cart. Include states like 'Empty Cart', 'Adding Items', 'Checking Out', and transitions such as 'Add item to cart', 'Proceed to checkout', and 'Complete purchase'."",""stateDiagram-v2";
  [*] --> Empty Cart;
  Empty Cart --> Adding Items : Add item;
  Adding Items --> Empty Cart : Remove item;
  Adding Items --> Checking Out : Proceed to checkout;
  Checking Out --> Empty Cart : Cancel;
"  Checking Out --> [*] : Complete purchase"",""";
Generate a valid, syntactically correct MermaidJS State.;
;
Input Description: Create a state machine diagram for an online shopping cart. Include states like 'Empty Cart', 'Adding Items', 'Checking Out', and transitions such as 'Add item to cart', 'Proceed to checkout', and 'Complete purchase'.;
;
Specific Rules for this Diagram:;
;
#NAME?;
- Syntax: Use '[*]' for initial and final states.;
- Transitions: Use '-->' with descriptions for state changes.;
- Start with: 'stateDiagram-v2';
;
;
Format: Respond ONLY with the MermaidJS code block. No conversation.;
,```mermaid;
stateDiagram-v2;
;
[*] --> Empty Cart;
note right of Empty Cart;
 Initial State: The cart is empty;
end note;
;
Empty Cart -->|Add item to cart|> Adding Items;
note right of Adding Items;
 User adds items to the cart, updating its contents;
end note;
;
Adding Items -->|Proceed to checkout|> Checking Out;
note right of Checking Out;
 User proceeds to complete the purchase;
end note;
;
Checking Out -->|Complete purchase|> [*];
note right of ;
 Purchase is completed successfully, returning to initial state;
end note;
"```"","" ```mermaid";
stateDiagram-v2;
    [*] --> Empty Cart : Add item to cart;
    Empty Cart --> Adding Items : Add item to cart;
    Adding Items --> Checking Out : Proceed to checkout;
    Checking Out --> Complete Purchase : Complete purchase;
    Empty Cart --> [*] : Abandon cart;
"```"",""```mermaid";
stateDiagram-v2;
    [*] --> Empty_Cart : Start;
;
    Empty_Cart --> Adding_Items : Add item to cart;
    Adding_Items --> Adding_Items : Add more items;
    Adding_Items --> Checking_Out : Proceed to checkout;
    Checking_Out --> [*] : Complete purchase;
;
    state Empty_Cart {;
        [*] --> Empty : Initial;
        Empty --> [*] : Final;
    };
;
    state Adding_Items {;
        [*] --> Adding : Initial;
        Adding --> [*] : Final;
    };
;
    state Checking_Out {;
        [*] --> Checkout : Initial;
        Checkout --> [*] : Final;
    };
"```"",""```mermaid";
stateDiagram-v2;
[*] --> Empty Cart;
Empty Cart --> Adding Items : Add item to cart;
Adding Items --> Checking Out : Proceed to checkout;
Checking Out --> Complete Purchase : Complete purchase;
Complete Purchase --> [*] ;
"```"",""```mermaid";
stateDiagram-v2;
;
initialState: Empty Cart;
"finalStates: [""""Complete Purchase""""]";
states:;
    - Empty Cart;
    - Adding Items;
    - Checking Out;
    ;
arrows:;
    Add item to cart --> Adding Items;
    Proceed to checkout --> Checking Out;
"    Complete purchase -- Completes the transaction and finalizes state as """"Purchased"""" (optional based on requirement)";
"```""";
"State,898,""Design a state machine diagram for an ATM system. Include states like 'Idle', 'Card inserted', 'PIN entered', 'Transaction in progress', and transitions such as 'Insert card', 'Enter PIN', 'Withdraw cash'."",""stateDiagram-v2";
  [*] --> Idle;
  Idle --> CardInserted : Insert card;
  CardInserted --> PINEntered : Enter PIN;
  PINEntered --> TransactionInProgress : Withdraw cash;
"  TransactionInProgress --> Idle : Complete transaction"",""";
Generate a valid, syntactically correct MermaidJS State.;
;
Input Description: Design a state machine diagram for an ATM system. Include states like 'Idle', 'Card inserted', 'PIN entered', 'Transaction in progress', and transitions such as 'Insert card', 'Enter PIN', 'Withdraw cash'.;
;
Specific Rules for this Diagram:;
;
#NAME?;
- Syntax: Use '[*]' for initial and final states.;
- Transitions: Use '-->' with descriptions for state changes.;
- Start with: 'stateDiagram-v2';
;
;
Format: Respond ONLY with the MermaidJS code block. No conversation.;
,```mermaid;
stateDiagram-v2;
    [*] --> Idle;
    Idle --> Card_inserted : Insert card;
    Card_inserted --> PIN_entered : Enter PIN;
    PIN_entered --> Transaction_in_progress : Withdraw cash;
    Transaction_in_progress --> PIN_entered : Invalid PIN;
    PIN_entered --> Card_inserted : Insufficient funds;
;
    state Idle {;
        [*] --> Start;
        Start --> [*] : No card inserted;
    };
;
    state Card_inserted {;
        [*] --> PIN_entry;
        PIN_entry --> [*] : Valid PIN entered;
    };
;
    state PIN_entered {;
        [*] --> Transaction;
        Transaction --> [*] : Transaction completed;
    };
;
    state Transaction_in_progress {;
        [*] --> Cancel;
        Cancel --> [*] : Transaction cancelled;
    };
```;
;
This MermaidJS diagram shows the states and transitions of an ATM system. The initial state is 'Idle' and it has two transitions: 'Insert card' to move to the 'Card inserted' state, or 'No card inserted' to remain in the 'Idle' state. Once a card is inserted, the machine moves to the 'PIN entered' state and checks for a valid PIN;" if invalid, it goes back to the 'PIN entered' state for re-entry. If a transaction is initiated, the machine enters the 'Transaction in progress' state and has an option to cancel the transaction or complete it successfully."","" ```mermaid"
stateDiagram-v2;
    [*] --> Idle;
    Idle --> Card_inserted : Insert card;
    Card_inserted --> PIN_entered : Enter PIN;
    PIN_entered --> Transaction_in_progress : Withdraw cash;
    Transaction_in_progress --> [*] : Complete transaction;
"```"",""```mermaid";
stateDiagram-v2;
    [*] --> Idle;
    Idle --> Card inserted : Insert card;
    Card inserted --> PIN entered : Enter PIN;
    PIN entered --> Transaction in progress : Withdraw cash;
    Transaction in progress --> Idle : Complete transaction;
    PIN entered --> Card inserted : Incorrect PIN;
"```"",""```mermaid";
stateDiagram-v2;
[*] --> Idle;
Idle --> Card inserted : Insert card;
Card inserted --> PIN entered : Enter PIN;
PIN entered --> Transaction in progress : Withdraw cash;
Transaction in progress --> Idle : Transaction complete ;
"```"",""```mermaid";
;
stateDiagram-v2;
;
"initialState * --> """"Idle""""";
;
;
"[Idle] -- Insert card: """"Card inserted""""";
;
"[""""Card inserted""""]     --> """"PIN entered""""";
;
"[""""PIN entered""""]      --> Enter PIN [Enter PIN]: Transition to request a pin entry.";
;
"[""""Enter PIN""""]        --> Withdraw cash [Withdraw Cash] : Trigger withdrawal action upon successful input of the correct PIN.";
;
"[Card inserted, Pin Corrected | Card Insert Failure] -- Enter incorrect/correct PIN: """"Pin entered"""" (retry mechanism or final state)";
;
"[""""Enter pin""""]        --> [Error State|Idle]: Handle errors such as card insertion failure or wrong input of the correct code. Return to idle if no further action is possible due to repeated failures, indicating potential block by ATM management system for security reasons.";
;
"```""";
"State,918,""Create a state machine diagram for an elevator system. Include states like 'Idle', 'Moving', 'Door opening', 'Door closing', and transitions between these states such as 'Moving' to 'Door opening' and 'Door closing' back to 'Idle'."",""stateDiagram-v2";
  [*] --> Idle;
  Idle --> Moving : Move requested;
  Moving --> Door opening : Arrive at floor;
  Door opening --> Door closing : Close door;
"  Door closing --> Idle : Door closed"",""";
Generate a valid, syntactically correct MermaidJS State.;
;
Input Description: Create a state machine diagram for an elevator system. Include states like 'Idle', 'Moving', 'Door opening', 'Door closing', and transitions between these states such as 'Moving' to 'Door opening' and 'Door closing' back to 'Idle'.;
;
Specific Rules for this Diagram:;
;
#NAME?;
- Syntax: Use '[*]' for initial and final states.;
- Transitions: Use '-->' with descriptions for state changes.;
- Start with: 'stateDiagram-v2';
;
;
Format: Respond ONLY with the MermaidJS code block. No conversation.;
,```mermaid;
stateDiagram-v2;
;
[*] --> Idle;
Idle --> Moving : startMoving;
Moving --> DoorOpening : reachFloor;
DoorOpening --> DoorClosed : doorFullyOpen;
DoorClosed --> Idle : noNewRequest;
;
Moving --> DoorClosing : newRequestArrived;
DoorClosing --> Idle : arriveAtDestination;
;
Note left of Idle: System is idle, waiting for a request.;
Note right of Moving: Elevator is moving between floors.;
Note top of DoorOpening: Door is opening to let passengers in or out.;
Note bottom of DoorClosed: Door is fully closed after opening.;
Note left of DoorClosing: Door is closing before the elevator moves again.;
"```"","" ```mermaid";
stateDiagram-v2;
    [*] --> Idle;
    Idle --> Moving : Move requested;
    Moving --> DoorOpening : At destination;
    DoorOpening --> Idle : Doors open;
    DoorClosing --> Idle : Doors closed;
    DoorClosing --> DoorOpening : At destination;
"```"",""```mermaid";
stateDiagram-v2;
    [*] --> Idle : System Initialization;
    Idle --> Moving : Call Button Pressed;
    Moving --> DoorOpening : Arrived at Floor;
    DoorOpening --> DoorClosing : Door Opened;
    DoorClosing --> Idle : Door Closed;
    Idle --> [*] : Power Off;
"```"",""```mermaid";
stateDiagram-v2;
[*] --> Idle;
;
Idle --> Moving : Button pressed;
Moving --> Door opening : Floor reached;
Door opening --> Door closing : Time elapsed;
Door closing --> Idle : Doors closed ;
;
;
"```"",""```mermaid";
stateDiagram-v2;
;
states:;
    Idle;
    Moving;
    DoorOpened;
    DoorClosed;
    ;
arrows:;
    -> [Door opening] OpenDoors;
    --[Moving to door action]--> MoveToDoors;
;
initial:;
    idle();
;
transitions:;
    Idle:on:ElevatorCall | Moving:from:[Idle & NoCurrentOccupants(occupants)];
    Moving:to:DoorOpened|Moving:stop=false  --> DoorClosed:if[currentFloor = requestFloor] OpenDoors MoveToStopAtRequestFloor;
    Idle:on:ElevatorArrival at:[requestFloor & OccupantsInCar(car)] | Moving:from:[Idle, occupied=true] --arrived|doorOpens--> DoorOpened:if[occupied car is empty after arrival]->MoveToDoors;
    MoveToStopAtRequestFloor:to:--Moving---> Idle:on:OccupantsOut | Moving:from:[Idle, occupied=false] --left door open|doorClosed--> DoorOpened/DoorClosed:if[currently stopped at floor]->MoveToNext;
    OpenDoors:arrivesAt:--Moving---> Idle:on:OccupantsIn | OccupantArrival -> MoveToStopAndCloseOrStartWhenEmptyIfNoCurrentCall ArriveWithoutRequestFloorLeft--> DoorOpened/Idle,occupied=true;
    OpenDoors&emptyCabinet|occasionally--Moving-> Idle:on:OccupantsIn & no calls left | OccupantArrival --left door open----> MoveToStopAndCloseOrStartWhenEmptyIfNoCurrentCall ArriveWithoutRequestFloorLeft--> DoorOpened/Idle,occupied=true;
    ;
end;
"```""";
"State,927,""Draw a state machine diagram for a vending machine. Include states such as 'Idle', 'Accepting Coins', 'Selecting Product', 'Dispensing Product', 'Returning Change', and transitions between these states based on user interactions."",""stateDiagram-v2";
  [*] --> Idle;
  Idle --> Accepting Coins : Insert Coin;
  Accepting Coins --> Selecting Product : Select Product;
  Selecting Product --> Dispensing Product : Dispense Product;
  Dispensing Product --> Returning Change : Return Change;
"  Returning Change --> Idle : Complete"",""";
Generate a valid, syntactically correct MermaidJS State.;
;
Input Description: Draw a state machine diagram for a vending machine. Include states such as 'Idle', 'Accepting Coins', 'Selecting Product', 'Dispensing Product', 'Returning Change', and transitions between these states based on user interactions.;
;
Specific Rules for this Diagram:;
;
#NAME?;
- Syntax: Use '[*]' for initial and final states.;
- Transitions: Use '-->' with descriptions for state changes.;
- Start with: 'stateDiagram-v2';
;
;
Format: Respond ONLY with the MermaidJS code block. No conversation.;
,```mermaid;
stateDiagram-v2;
;
[*] --> Idle;
Idle -->|Insert Coin| Accepting Coins;
Accepting Coins -->|Select Product| Selecting Product;
Selecting Product -->|Confirm Selection| Dispensing Product;
Dispensing Product -->|Product Not Available| Returning Change;
Returning Change --> [*];
;
note right of Accepting Coins: Validate coin inserted;
note left of Selecting Product: Display product options;
;
Idle -->|No Coins| Idle;
Accepting Coins -->|Cancel Selection| Idle;
Selecting Product -->|Refund| Returning Change;
"```"","" ```mermaid";
stateDiagram-v2;
    [*] --> Idle;
    Idle --> Accepting_Coins : Coin inserted;
    Accepting_Coins --> Selecting_Product : Product selected;
    Accepting_Coins --> Returning_Change : Cancel or no coin inserted after some time;
    Accepting_Coins --> Dispensing_Product : Payment complete (exact change provided);
    Selecting_Product --> Dispensing_Product : Exact amount in machine matches desired product cost;
    Selecting_Product --> Idle : No selection made within timeout;
    Selecting_Product --> Returning_Change : Cancel or insufficient funds inserted after some time;
    Selecting_Product --> Accepting_Coins : Insert coin for transaction if not enough money has been deposited;
    Dispensing_Product --> Idle : Product dispensed;
    Returning_Change --> Idle : Return button pressed or no product selected within timeout;
    Returning_Change --> Accepting_Coins : Change requested before selecting a product;
"```"",""```mermaid";
stateDiagram-v2;
    [*] --> Idle;
    Idle --> Accepting Coins : Insert Coin;
    Accepting Coins --> Selecting Product : Press Product Button;
    Selecting Product --> Dispensing Product : Confirm Selection;
    Dispensing Product --> Returning Change : Product Sold Out or Exact Amount;
    Dispensing Product --> Idle : Exact Amount;
    Returning Change --> Idle : Done;
"```"",""```mermaid";
stateDiagram-v2;
[*] --> Idle;
Idle --> Accepting Coins : User inserts coin(s);
Accepting Coins --> Selecting Product : User selects product;
Selecting Product --> Dispensing Product : Machine dispenses product;
Dispensing Product --> Idle : Product dispensed;
Accepting Coins --> Returning Change : Insufficient funds;
Returning Change --> Idle : Change returned;
;
"```"",""```mermaid";
stateDiagram-v2;
;
graph TB;
    idle[Idle] -->|Coins Inserted|acceptingC;
"    acceptingC[Accepting Coins] -- """"Product Selected""""--> select";
    select[Select Product] --> dispense;
    dispense --> [Dispensing Product];
    ;
    dispense --> changeReturn>> Return Change;
    acceptngC --> idle;
    ;
    // Transitions for returning change and going back to Idle after all actions are completed.;
"    """"Return Coin""""  -->|Change Accepted or Excess Money Inserted|returningFromDispensing";
    returnfromdispencing[Return From Dispensing] -- random--> idle // Random chance of returning change from dispense state, not event-driven but possible scenario.;
    ;
initialAllocation: Idle;
"finalStates: [Idle], [""""Dispensing Product""""] ";
"```""";
"State,936,""Draw a state machine diagram for an ATM system. Include states such as 'Idle', 'Card Inserted', 'PIN Entered', 'Transaction Processing', 'Transaction Completed', and transitions between these states based on user actions."",""stateDiagram-v2";
  [*] --> Idle;
  Idle --> Card Inserted;
  Card Inserted --> PIN Entered;
  PIN Entered --> Transaction Processing;
  Transaction Processing --> Transaction Completed;
"  Transaction Completed --> Idle"",""";
Generate a valid, syntactically correct MermaidJS State.;
;
Input Description: Draw a state machine diagram for an ATM system. Include states such as 'Idle', 'Card Inserted', 'PIN Entered', 'Transaction Processing', 'Transaction Completed', and transitions between these states based on user actions.;
;
Specific Rules for this Diagram:;
;
#NAME?;
- Syntax: Use '[*]' for initial and final states.;
- Transitions: Use '-->' with descriptions for state changes.;
- Start with: 'stateDiagram-v2';
;
;
Format: Respond ONLY with the MermaidJS code block. No conversation.;
,```mermaid;
stateDiagram-v2;
[*] --> Idle;
Idle -->|Card Inserted| CardInserted;
Idle -->|Invalid PIN| InvalidPIN;
CardInserted --> |PIN Entered| PINEntered;
PINEntered --> |Transaction Started| TransactionProcessing;
TransactionProcessing --> |Transaction Completed| TransactionCompleted;
PINEntered --> |Incorrect PIN| InvalidPIN;
InvalidPIN --> |Card Removed| Idle;
;
note right of CardInserted: Validate card details;
note left of TransactionProcessing: Process transaction;
note right of TransactionCompleted: Dispense cash or receipt;
;
[*] --> (Idle);
```;
"Note: In a valid Mermaid state machine diagram, the syntax for defining states and transitions can be tricky to remember. This code block includes all necessary elements to accurately describe an ATM system's workflow according to the provided rules."","" ```mermaid";
stateDiagram-v2;
    [*] --> Idle;
    Idle --> CardInserted : User inserts card;
    CardInserted --> PINEntered : User enters PIN;
    PINEntered --> TransactionProcessing : Valid PIN entered;
    PINEntered --> [*] : Invalid PIN or too many attempts;
    TransactionProcessing --> TransactionCompleted : Transaction finished;
    TransactionProcessing --> [*] : Aborted by user;
    TransactionCompleted --> Idle : User takes card out;
"```"",""```mermaid";
stateDiagram-v2;
    [*] --> Idle;
    Idle --> Card Inserted : Insert Card;
    Card Inserted --> PIN Entered : Enter PIN;
    PIN Entered --> Transaction Processing : Valid PIN;
    PIN Entered --> Card Inserted : Incorrect PIN;
    Transaction Processing --> Transaction Completed : Transaction Successful;
    Transaction Processing --> PIN Entered : Transaction Failed;
    Transaction Completed --> Idle : Eject Card;
"```"",""```mermaid";
stateDiagram-v2;
[*] --> Idle;
Idle --> Card Inserted : Insert Card;
Card Inserted --> PIN Entered : Enter PIN;
PIN Entered --> Transaction Processing : Verify PIN;
Transaction Processing --> Transaction Completed : Process Transaction;
Transaction Processing --> Idle : Transaction Cancelled;
Transaction Completed --> Idle : Dispense Cash/End Session;
;
"```"",""```mermaid";
stateDiagram-v2;
;
initialState: Idle;
finalStates: [Transaction Completed];
;
states:;
    Idle;
    Card Inserted;
    PIN Entered;
    Transaction Processing;
;
arrows:;
    to -> of;
;
initialAlarms: [];
flow:;
"    [""""Card inserted""""   -->  """"PIN entered"""": {on:""""cardKeyInsertion""""}";
"    ,""""Valid card detected and authenticated with correct pin :pinEntered"""":""""Transaction processing"""":{on:""""successfulAuthenticate""""}, trigger:{alarm:""""transactionInitiatingAlarm""""}";
"        --> Transaction Completed:{""""completionNotification""""}:trigger={notificationSent}";
    ];
transitions:;
"     Card Inserted -> PIN Entered on cardKeyInsertion, invalidCard or nocard detected {on:""""invalidPinOrNoCARDinserted"""", trigger:{alarm:""""authenticationFailureAlarm""""}";
        --> Idle with prompt to re-enter the code{trigger:{notificationSent}};
     Card Inserted -> Invalid Cards Detected on multiple failed attempts:trigger={multipleAttemptsNotification}        ;
"```""";
"Action/Flow,6301,""Illustrate an activity diagram for a customer support system. Include activities such as receive inquiry, assign ticket, resolve issue, escalate problem, and close ticket."",""graph TD";
    subgraph Customer Support System;
        Receive_Inquiry --> Assign_Ticket;
        Assign_Ticket --> Resolve_Issue;
        Resolve_Issue --> Close_Ticket;
        Resolve_Issue --> Escalate_Problem;
    end;,
Generate a valid, syntactically correct MermaidJS Action/Flow.;
;
Input Description: Illustrate an activity diagram for a customer support system. Include activities such as receive inquiry, assign ticket, resolve issue, escalate problem, and close ticket.;
;
Specific Rules for this Diagram:;
;
#NAME?;
- Syntax: Use 'graph TD' or 'graph LR'.;
- Branding: Use meaningful labels inside nodes like [User Interface].;
;
;
Format: Respond ONLY with the MermaidJS code block. No conversation.;
,```mermaid;
graph LR;
    Receive_Inquiry[Receive Inquiry - User Interface] -->|New Ticket|> Assign_Ticket[Assign Ticket - System Module];
    Assign_Ticket -->|Ticket Assigned|> Resolve_Issue[Resolve Issue - System Module];
    Resolve_Issue -->|Issue Resolved|> Close_Ticket[Close Ticket - System Module];
    Receive_Inquiry -.-> Escalate_Problem[Escala Problem - System Module] -.>;
    Escalate_Problem -->|Escalated|> Assign_Ticket;
;
    style Note well fill:#F9B4C0;
"```"","" ```mermaid";
graph TD;
    A[Receive Inquiry] --> B[Assign Ticket];
    B --> C{Resolve Issue};
    C --> D[Close Ticket];
    C --> E[Escalate Problem];
"```"",""```mermaid";
graph TD;
    A[Start] --> B[Receive Inquiry];
    B --> C{Is Issue Resolvable?};
    C -- Yes --> D[Resolve Issue];
    C -- No --> E[Escalate Problem];
    D --> F[Close Ticket];
    E --> G[Assign Ticket to Specialist];
    G --> H[Specialist Receives Ticket];
    H --> I{Issue Resolved by Specialist?};
    I -- Yes --> J[Close Ticket];
    I -- No --> K[Escalate Further];
    K --> L[Notify Management];
    F --> M[End];
    J --> M;
"```"",""```mermaid";
graph TD;
;
    A[Receive Inquiry] --> B(Assign Ticket);
    B --> C{Check Resolution};
    C -- Yes --> D[Resolve Issue];
    C -- No --> E[Escalate Problem];
    D --> F[Close Ticket];
    E --> G[Expert Review];
    G --> H{Resolution Provided?};
    H -- Yes --> D ;
    H -- No --> I[Loop Back to C]  ;
;
;
"```"",""```mermaid";
;
graph TD;
;
    Alice[Customer Receives Inquiry] -->|Send Email to Support Team|BrandedEmailNode;
;
    BrandedEmailNode --> |Open in Customer Service Portal|AssignTicketFlow;
;
    ;
"    StateOfIssueResolved{state: """"Issue Resolved""""} -- assign ticket --> AssignedHelpdesk[Support Agent Responds]";
;
    AssignedHelpdesk -.-> [Inquiry Reviewed/Escalate Problem? {yes -> Escalated, no -> Attempt Solution}];
;
    ;
"    case """"Yes"""" : escalationFlow";
;
"        BrandsupportExpert[Support Expert Addresses Complex Issue] -->|Attempt Resolution Unsuccessful|ReviewInquiry:EscalateToManager(state=""""Issue Escalated"""")";
;
        ;
"    case """"No"""": solutionPathway";
    ;
        AssignedHelpdesk -.-> Attempt Solution[Solution Tested and Applied] --> |Resolved Issue? {yes -> state = Resolved, no -> Further Support Required};
;
         ;
    ReviewInquiry:EscalateToManager--> [Issue Escalated to Manager for Decision-Mthy Processes & Potential Branding Refactor of the System] ;
        ;
    ;
"    case """"Yes"""": state = Resolved --> |Close Ticket|ReviewClosure[Ticket Status: Closed/Resolved by Expert Assistance] -.-> StateOfIssueResolved";
         ;
        ReviewClosure--> [User Feedback Collected for Branding Refactor Opportunities and Process Improvement].end;
        ;
    ;
"    case """"No"""": FurtherHelpRequired --> |Refer to Specialist|SpecializedAssistance[Advanced Support Tier] -.-> AssignedHelpdesk ";
          ;
        StateOfIssueResolved--> [User Feedback Collected for Branding Refactor Opportunities and Process Improvement].end;   
"```""";
"Action/Flow,3182,""Generate a deployment diagram for a retail e-commerce platform with components such as Web Server, Application Server, Database Server, and Payment Gateway. Ensure all components and their interactions are clearly shown."",""graph TD";
    A[Web Server] --> B[Application Server];
    B --> C[Database Server];
    B --> D[Payment Gateway];
    style A fill:#f9f,stroke:#333,stroke-width:4px;
    style B fill:#f9f,stroke:#333,stroke-width:4px;,
Generate a valid, syntactically correct MermaidJS Action/Flow.;
;
Input Description: Generate a deployment diagram for a retail e-commerce platform with components such as Web Server, Application Server, Database Server, and Payment Gateway. Ensure all components and their interactions are clearly shown.;
;
Specific Rules for this Diagram:;
;
#NAME?;
- Syntax: Use 'graph TD' or 'graph LR'.;
- Branding: Use meaningful labels inside nodes like [User Interface].;
;
;
Format: Respond ONLY with the MermaidJS code block. No conversation.;
,```mermaid;
graph TD;
    User_Interface->>Web_Server: Request;
    Web_Server->>Application_Server: API Call;
    Application_Server->>Database_Server: Data Retrieval;
    Database_Server->>Application_Server: Data Response;
    Web_Server->>Payment_Gateway: Payment Processing;
    Payment_Gateway->>Database_Server: Transaction Update;
    Application_Server->>Web_Server: Rendered Response;
    User_Interface->>Application_Server: Form Submission;
```;
;
```mermaid;
graph LR;
    style User_Interface fill:#f9d7be,stroke: #ccc,stroke-width: 2px;
    style Web_Server fill:#add8e6,stroke: #333,stroke-width: 2px;
    style Application_Server fill:#ffff00,stroke: #666,stroke-width: 2px;
    style Database_Server fill:#c5cafa,stroke: #444,stroke-width: 2px;
    style Payment_Gateway fill:#ff99cc,stroke: #999,stroke-width: 2px;
;
    User_Interface[User Interface]-->Web_Server(Web Server);
    Web_Server-->Application_Server(Application Server);
    Application_Server-->Database_Server(Database Server);
    Database_Server-->Payment_Gateway(Payment Gateway);
    Payment_Gateway-->Database_Server;
    Application_Server-->Web_Server;
    User_Interface-->Application_Server;
;
"```"","" ```mermaid";
graph TD;
    A[Web Server] --> B[Application Server];
    B --> C[Database Server];
    B --> D[Payment Gateway];
    style A fill:#f9f,stroke:#333,stroke-width:2px;
    style B fill:#bbf,stroke:#f66,stroke-width:2px;
    style C fill:#bbf,stroke:#aaa,stroke-width:2px;
    style D fill:#bbf,stroke:#999,stroke-width:2px;
"```"",""```mermaid";
graph TD;
    subgraph Retail E-commerce Platform;
        UI[User Interface] -->|Request| WS[Web Server];
        WS -->|Process Request| AS[Application Server];
        AS -->|Query Data| DS[Database Server];
        AS -->|Payment Processing| PG[Payment Gateway];
        PG -->|Confirm Payment| AS;
        AS -->|Response| WS;
        WS -->|Display Response| UI;
    end;
"```"",""```mermaid";
graph TD;
;
"    subgraph """"Client""""";
      A[User] --> B[Web Browser];
    end;
;
    B --> C[Web Server];
    C --> D[Application Server];
    D --> E[Database Server];
    E --> F[Payment Gateway];
    F --> G[Order Confirmation];
;
    G --> H[User];
"```"",""```mermaid";
graph TD;
    WebServer[Web Server - User Interface] -->|Handles Requests & Routing*--> ApplicationServer[Application Server for Business Logic and Data Access]*;
"    PaymentGateway[Payment Processor Integration (POS)] -- """"Secure Transaction"""" --> |Data Transfer Only, No Sensitive Info Retention| DatabaseServer[Database]";
    ;
    WebServer -.-> ApplicationSecurity[App Security for HTTP/HTTPS Requests and Authentication]*;
                  :style fill:#f2f2f2,stroke:black;
        ;
    PaymentGateway -->* |Data Transfer Only (Payments)*| DatabaseServer;
        .color bg:#eaeaf0,font color:#3A89DA;
    ;
    ApplicationSecurity -.->> WebServer :style fill:#FDD65D;stroke:black
                       :head arrowHead=circle,width=4            ;arrow for security checks and validations 
        ;
"```""";
"Action/Flow,9743,""Illustrate the workflow of a typical supply chain management process, from raw material procurement to product delivery."",""graph TD";
    A[Raw Material Procurement] --> B[Production];
    B --> C[Inventory Management];
    C --> D[Order Fulfillment];
    D --> E[Distribution];
    E --> F[Customer Delivery];,
Generate a valid, syntactically correct MermaidJS Action/Flow.;
;
Input Description: Illustrate the workflow of a typical supply chain management process, from raw material procurement to product delivery.;
;
Specific Rules for this Diagram:;
;
#NAME?;
- Syntax: Use 'graph TD' or 'graph LR'.;
- Branding: Use meaningful labels inside nodes like [User Interface].;
;
;
Format: Respond ONLY with the MermaidJS code block. No conversation.;
,```mermaid;
graph LR;
    Raw Materials-->Procurement Module;
    Procurement Module-->Inventory Management Module;
    Inventory Management Module-->Manufacturing Process;
    Manufacturing Process-->Quality Control Module;
    Quality Control Module-->Packaging and Shipping Module;
    Packaging and Shipping Module-->Delivery Module;
    Delivery Module-->Customer Receipt;
;
    classdef SystemModules fill:#f0c0b6,stroke-width:4px;
    class Raw Materials,SystemModules Procurement Module,SystemModules Inventory Management Module,SystemModules Manufacturing Process,SystemModules Quality Control Module,SystemModules Packaging and Shipping Module,SystemModules Delivery Module,SystemModules Customer Receipt,SystemModules style:SystemModules;
    ;
    Raw Materials[Raw Materials];
    Procurement Module[Procurement Module];
    Inventory Management Module[Inventory Management Module];
    Manufacturing Process[Manufacturing Process];
    Quality Control Module[Quality Control Module];
    Packaging and Shipping Module[Packaging and Shipping Module];
    Delivery Module[Delivery Module];
    Customer Receipt[Customer Receipt];
"```"","" ```mermaid";
graph TD;
    A[Raw Material Procurement] --> B[Quality Check and Testing];
    B --> C{Sufficient Quality?};
    C -- Yes --> D[Production Planning];
    D --> E[Material Allocation];
    E --> F[Manufacturing Process];
    F --> G[Quality Control During Manufacturing];
    G --> H{Satisfied with Quality?};
    H -- No --> B;
    H -- Yes --> I[Inventory Management];
    I --> J[Order Fulfillment];
    J --> K[Shipping and Logistics];
    K --> L[Product Delivery];
"```"",""```mermaid";
graph LR;
    A[Start] --> B[Raw Material Procurement];
    B --> C[Vendor Management System];
    C --> D[Order Management];
    D --> E[Inventory Management];
    E --> F[Production Planning];
    F --> G[Manufacturing Execution];
    G --> H[Quality Control];
    H --> I[Finished Goods Inventory];
    I --> J[Sales Order Processing];
    J --> K[Shipping Logistics];
    K --> L[Customer Delivery];
    L --> M[End];
"```"",""```mermaid";
graph TD;
"    subgraph """"Planning & Procurement""""";
        A[Demand Forecasting] --> B(Material Requirements Planning);
        B --> C[Supplier Selection];
        C --> D[Purchase Orders];
    end;
;
"    subgraph """"Production""""";
        D --> E[Raw Material Receiving];
        E --> F[Quality Control];
        F --> G[Manufacturing];
        G --> H[Inventory Management];
    end;
;
"    subgraph """"Logistics & Delivery""""";
        H --> I[Order Processing];
        I --> J[Packaging & Shipping];
        J --> K[Transportation];
        K --> L[Delivery to Customer];
    end;
;
"```"",""```mermaid";
graph TD;
A[Raw Material Procurement] --> B{Quality Check};
B -- Passes QC --> C[Manufacturing Process];
C --> D{Inventory Management & Scheduling};
D -- Ready for Shipping --> E{Warehousing and Storage};
E --> F[Order Fulfillment/Shipping Coordination];
F -.-> G[Customer Notification upon Receipt Confirmation];
G --> H[Final Feedback Collection from Customer];
"```""";
"Action/Flow,8305,""Design a diagram showing the workflow of a supply chain management process. Include stages such as 'Procurement', 'Manufacturing', 'Inventory Management', 'Order Fulfillment', 'Distribution', and 'Customer Service'. Ensure each stage is logically connected."",""graph TD";
    A[Procurement] --> B[Manufacturing];
    B --> C[Inventory Management];
    C --> D[Order Fulfillment];
    D --> E[Distribution];
    E --> F[Customer Service];,
Generate a valid, syntactically correct MermaidJS Action/Flow.;
;
Input Description: Design a diagram showing the workflow of a supply chain management process. Include stages such as 'Procurement', 'Manufacturing', 'Inventory Management', 'Order Fulfillment', 'Distribution', and 'Customer Service'. Ensure each stage is logically connected.;
;
Specific Rules for this Diagram:;
;
#NAME?;
- Syntax: Use 'graph TD' or 'graph LR'.;
- Branding: Use meaningful labels inside nodes like [User Interface].;
;
;
Format: Respond ONLY with the MermaidJS code block. No conversation.;
,```mermaid;
graph TD;
    Procurement[Procurement] --> Manufacturing[Manufacturing];
    Manufacturing[Manufacturing] --> InventoryManagement[Inventory Management];
    InventoryManagement[Inventory Management] --> OrderFulfillment[Order Fulfillment];
    OrderFulfillment[Order Fulfillment] --> Distribution[Distribution];
    Distribution[Distribution] --> CustomerService[Customer Service];
    CustomerService[Customer Service] --> Procurement[Procurement];
```;
;
"Note: This diagram represents a loop in the supply chain management process, indicating that it is continuous and cyclical. Each stage is logically connected to the next one in the flow of the process."","" ```mermaid";
graph TD;
    A[Procurement] --> B[Manufacturing];
    B --> C[Inventory Management];
    C --> D[Order Fulfillment];
    D --> E[Distribution];
    E --> F[Customer Service];
"```"",""```mermaid";
graph TD;
    A[Procurement] --> B[Manufacturing];
    B --> C[Inventory Management];
    C --> D[Order Fulfillment];
    D --> E[Distribution];
    E --> F[Customer Service];
    G[User Interface] -->|Request| A;
    F -->|Feedback| G;
"```"",""```mermaid";
graph LR;
    A[Procurement] --> B(Manufacturing);
    B --> C{Inventory Management};
    C --> D[Order Fulfillment];
    D --> E{Distribution};
    E --> F[Customer Service] ;
"```"",""```mermaid";
;
graph TD;
;
    subgraph Procurement;
        procure raw materials C[Procure Materials];
        end;
    ;
    subgraph Manufacturing;
        manufacture products A[Manufacture Products] from B [C];
"        transition to Inventory Management with condition """"material ready""""";
        link B-A, linking back to Procurement for feedback loop if materials are insufficient.;
        end;
    ;
    subgraph Inventory Management;
        manage stock level D[Manage Stock Levels] from A and E [Manufacturing & Order Fulfillment Input], with threshold variable X;
            transition to Order Fulfillment when below X, else continue monitoring;
        end;
        ;
    subgraph Order Fulfillment;
        process customer orders F[Process Orders] into shipments G[Ship Products], conditional on inventory availability D;
             link from E [Inventory Management Input & Manufacturing Output], and loop back if additional stock is required.;
            end;
        ;
    subgraph Distribution;
"        distribute to retailers H[Distribute Retailer] with condition """"Shipment Complete"""", proceeding without delay until completion of G";
             link from F [Order Fulfillment Input & Completion Output], then loop back if further shipments are pending.;
            end ;
        ;
    subgraph Customer Service;
        handle inquiries I[Handle Inquiries] using User Interface J, conditional on return requests post-Distribution phase D;
             link from H [Retailer Input & Distribution Completion Output], then loop back if additional questions arise or feedback provided.  ;
            end ;
"```""";
"Action/Flow,417,""Create a flowchart for a student enrollment process in a university. Include steps like 'Application Submission', 'Document Verification', 'Course Registration', 'Fee Payment', 'Orientation', and 'Enrollment Confirmation'."",""graph TD";
  Start-->Application_Submission;
  Application_Submission-->Document_Verification;
  Document_Verification-->Course_Registration;
  Course_Registration-->Fee_Payment;
  Fee_Payment-->Orientation;
  Orientation-->Enrollment_Confirmation;
  Enrollment_Confirmation-->End;,
Generate a valid, syntactically correct MermaidJS Action/Flow.;
;
Input Description: Create a flowchart for a student enrollment process in a university. Include steps like 'Application Submission', 'Document Verification', 'Course Registration', 'Fee Payment', 'Orientation', and 'Enrollment Confirmation'.;
;
Specific Rules for this Diagram:;
;
#NAME?;
- Syntax: Use 'graph TD' or 'graph LR'.;
- Branding: Use meaningful labels inside nodes like [User Interface].;
;
;
Format: Respond ONLY with the MermaidJS code block. No conversation.;
,```mermaid;
graph LR;
    subgraph Application Submission;
        User Interface-->|Submit Application|[Application Portal];
    end;
;
    subgraph Document Verification;
        Application Portal-->|Verify Documents|[Admissions Office];
        Admissions Office -->|Document Verified|> Document Verified [Green Checkmark];
    end;
;
    subgraph Course Registration;
        Document Verified --> |Course Assigned|[Registrar's Office];
        Registrar's Office --> |Course Registered|> Course Registered [Green Checkmark];
    end;
;
    subgraph Fee Payment;
        Course Registered --> |Pay Fees|[University Bursar];
        University Bursar --> |Fees Paid|> Fees Paid [Green Checkmark];
    end;
;
    subgraph Orientation;
        Fees Paid --> |Attend Orientation|[Orientation Team];
        Orientation Team --> |Oriented|> Oriented [Green Checkmark];
    end;
;
    subgraph Enrollment Confirmation;
        Oriented --> |Enrolled|> Enrolled [Green Checkmark];
        Enrolled --> |Final Step|> Final Step [Green Checkmark];
"```"","" ```mermaid";
graph TD;
    A[Application Submission] --> B{Document Verification};
    B -- Approved --> C[Course Registration];
    B -- Rejected --> D[Re-submission to User Interface];
    C --> E[Fee Payment];
    E --> F[Orientation];
    F --> G[Enrollment Confirmation];
"```"",""```mermaid";
graph TD;
    A[Application Submission] --> B[Document Verification];
    B --> C[Course Registration];
    C --> D[Fee Payment];
    D --> E[Orientation];
    E --> F[Enrollment Confirmation];
"```"",""```mermaid";
graph TD;
    A[Application Submission] --> B{Document Verification};
    B -- Approved --> C[Course Registration];
    B -- Rejected --> D[Re-submission Request];
    C --> E[Fee Payment];
    E -- Successful --> F[Orientation];
    F --> G[Enrollment Confirmation];
    D --> A ;
"```"",""```mermaid";
;
graph TD;
;
    A[Application Submission] --> B[Document Verification]{Once documents are submitted};
;
"    B -- """"verified"""" --> C[Course Registration]";
;
"    C -- """"successful registration & course selection complete"""" --> D[Fee Payment]{If fee payment is successful}";
;
    D -.|elsewhere{In case of failed or incomplete payments, re-evaluate documents and fees.} -> B;
;
    B --> E[Orientation];
;
"    C -- """"orientation attended & feedback provided"""" --> F[Enrollment Confirmation]{After orientation is completed}";
;
    D -.|elsewhere{Handle payment failures or incomplete submissions here.}-->B;
;
"```""";
"Action/Flow,7956,""Create a use case diagram for a social media platform, showing actors like User, Admin, and use cases such as Create Post, Comment on Post, Like Post, Share Post, Manage Friends, and Report Content."",""graph TD";
  actor User;
  actor Admin;
  usecase CreatePost;
  usecase CommentOnPost;
  usecase LikePost;
  usecase SharePost;
  usecase ManageFriends;
  usecase ReportContent;
  User --> CreatePost;
  User --> CommentOnPost;
  User --> LikePost;
  User --> SharePost;
  User --> ManageFriends;
  User --> ReportContent;
  Admin --> ManageFriends;
"  Admin --> ReportContent"",""";
Generate a valid, syntactically correct MermaidJS Action/Flow.;
;
Input Description: Create a use case diagram for a social media platform, showing actors like User, Admin, and use cases such as Create Post, Comment on Post, Like Post, Share Post, Manage Friends, and Report Content.;
;
Specific Rules for this Diagram:;
;
#NAME?;
- Syntax: Use 'graph TD' or 'graph LR'.;
- Branding: Use meaningful labels inside nodes like [User Interface].;
;
;
Format: Respond ONLY with the MermaidJS code block. No conversation.;
,```mermaid;
graph TD;
    User[User Interface];
    Admin[Admin Panel];
    User->Create Post: Creates a new post on their wall;
    Admin->Manage Friends: Manage user friendships and relationships;
    User->Comment on Post: Leave comments on other users' posts;
    User->Like Post: Like other users' posts;
    User->Share Post: Share posts with others;
    Admin->Report Content: Reports suspicious or offensive content to moderators;
"    User->>Admin: Request to manage friends through """"Manage Friends"""" use case";
"    Admin->>User: Approve/deny friend requests through """"Manage Friends"""" use case";
"```"","" ```mermaid";
graph TD;
    User --> Create Post;
    User --> Comment on Post;
    User --> Like Post;
    User --> Share Post;
    User --> Manage Friends;
    User --> Report Content;
    ;
    subgraph [User Interface];
        Create Post;
        Comment on Post;
        Like Post;
        Share Post;
        Manage Friends;
        Report Content;
    end;
"```"",""```mermaid";
graph TD;
    subgraph SocialMediaPlatform;
        User -->|Create Post| CreatePostUC;
        User -->|Comment on Post| CommentOnPostUC;
        User -->|Like Post| LikePostUC;
        User -->|Share Post| SharePostUC;
        User -->|Manage Friends| ManageFriendsUC;
        Admin -->|Report Content| ReportContentUC;
    end;
;
    subgraph SystemModules;
        CreatePostUC --> [Database];
        CommentOnPostUC --> [Database];
        LikePostUC --> [Database];
        SharePostUC --> [NotificationService];
        ManageFriendsUC --> [FriendshipManager];
        ReportContentUC --> [ModerationQueue];
    end;
"```"",""```mermaid";
graph TD;
;
"    subgraph """"System Modules""""";
      User Interface --> User Database;
      User Interface --> Content Database;
      User Interface --> Friend Database;
      User Interface --> Report System;
    end;
;
"    Actor(""""User"""") --> User Interface : Create Post, Comment on Post, Like Post, Share Post, Manage Friends";
"    Actor(""""Admin"""") --> User Interface : Manage Users, Moderate Content, Generate Reports";
"```"",""```mermaid";
graph LR;
A[System] --> B(Create Post) : User can create posts using system module for posting content;
"B -- """"Can comment on"""" --> C(Comment on Post)";
C -.->|Post to interact with*--> D(Like/Share post & Manage Friends);
D -- (Admin has additional rights)* >> E(Manage Users and Content) : Admin oversees user management, content moderation ;
F[User Interface] --> G(Comment on Post), H(Like Post), I(Report Content): Interaction nodes for regular users' actions within the platform;
J: [Admins & User Interfaces are distinct entities with specific privileges and responsibthy roles respectively.] : Clarification of system boundaries in relation to user interaction.;
"```""";
"Action/Flow,9501,""Create a deployment diagram for a smart home automation system with components for User Devices, Smart Home Hub, Cloud Servers, and IoT Devices."",""graph TD";
  A[User Devices] --> B[Smart Home Hub];
  B --> C[Cloud Servers];
  B --> D[IoT Devices];,
Generate a valid, syntactically correct MermaidJS Action/Flow.;
;
Input Description: Create a deployment diagram for a smart home automation system with components for User Devices, Smart Home Hub, Cloud Servers, and IoT Devices.;
;
Specific Rules for this Diagram:;
;
#NAME?;
- Syntax: Use 'graph TD' or 'graph LR'.;
- Branding: Use meaningful labels inside nodes like [User Interface].;
;
;
Format: Respond ONLY with the MermaidJS code block. No conversation.;
,```mermaid;
graph LR;
;
User Devices[User Interface];
Smart Home Hub[Central Processing Unit];
Cloud Servers[Data Storage and Analytics];
IoT Devices[Sensor and Actuator Network];
;
User Devices -->|Request Data|> Smart Home Hub;
Smart Home Hub -->|Process Data|> Cloud Servers;
Cloud Servers -->|Store and Analyze|> IoT Devices;
IoT Devices -->|Send Data|> Smart Home Hub;
;
classDiagram;
  User Devices --* Smart Home Hub;
  Smart Home Hub --* Cloud Servers;
  Cloud Servers --* IoT Devices;
"```"","" ```mermaid";
graph TD;
    UserDevices[User Devices] --> SmartHomeHub[Smart Home Hub];
    SmartHomeHub --> CloudServers[Cloud Servers];
    CloudServers --> IoTDevices[IoT Devices];
    IoTDevices --> CloudServers;
    SmartHomeHub --> UserInterface[User Interface];
"```"",""```mermaid";
graph TD;
    subgraph SmartHomeAutomationSystem;
        UserDevices --> SmartHomeHub;
        SmartHomeHub --> CloudServers;
        IoTDevices --> SmartHomeHub;
        CloudServers --> IoTDevices;
        UserInterface[User Interface] --> SmartHomeHub;
    end;
"```"",""```mermaid";
graph TD;
"    subgraph """"Smart Home""""";
      A[User Devices] --> B(Smart Home Hub);
      B --> C{IoT Devices};
    end;
"    subgraph """"Cloud""""";
      D[Cloud Servers] ;
      C --> D;
      B --> D;
    end;
"```"",""```mermaid";
graph TD;
A[Smart Home Devices] --> B(User Interfaces) : Control flow from devices to interfaces;
B --> C[Cloud Servers]: Central processing and data storage connection point;
C --> D[IoT Integration Points]: Link IoT device communication with the cloud services.;
Fade[System Module: Device Management Software]\n;
D --> F\n;
F --> G(Smart Home Hub): Act as a mediator for various devices, providing central control and data processing capabilities at home level;
"B -- """"Device Communication""""--> C : Direct interaction with IoT Devices through the Smart Home Hub.";
"```""";
"Action/Flow,1100,""Create a flowchart diagram for an e-commerce checkout process. Include steps such as 'Add item to cart', 'Proceed to checkout', 'Enter shipping details', 'Select payment method', 'Review order', and 'Place order'. Show decision points like 'Is shipping address correct?' and 'Is payment successful?' with appropriate branching."",""graph TD";
  A[Add item to cart] --> B[Proceed to checkout];
  B --> C[Enter shipping details];
  C --> D[Select payment method];
  D --> E[Review order];
  E --> F[Is shipping address correct?];
  F -->|Yes| G[Place order];
  F -->|No| C;
  G --> H[Is payment successful?];
  H -->|Yes| I[Order confirmed];
"  H -->|No| D"",""";
Generate a valid, syntactically correct MermaidJS Action/Flow.;
;
Input Description: Create a flowchart diagram for an e-commerce checkout process. Include steps such as 'Add item to cart', 'Proceed to checkout', 'Enter shipping details', 'Select payment method', 'Review order', and 'Place order'. Show decision points like 'Is shipping address correct?' and 'Is payment successful?' with appropriate branching.;
;
Specific Rules for this Diagram:;
;
#NAME?;
- Syntax: Use 'graph TD' or 'graph LR'.;
- Branding: Use meaningful labels inside nodes like [User Interface].;
;
;
Format: Respond ONLY with the MermaidJS code block. No conversation.;
,```mermaid;
graph LR;
    Add item to cart([Add item to Cart]) -->|Click on Buy Now| Proceed to checkout([Proceed to Checkout]);
    Proceed to checkout --> Is shipping address correct?([Is Shipping Address Correct?]);
    style Is shipping address correct? fill:#f9be33,stroke:#333,stroke-width:2px;
    Is shipping address correct?(yes) --> Enter shipping details([Enter Shipping Details]);
    style Enter shipping details fill:#ff9900,stroke:#333,stroke-width:2px;
    Enter shipping details --> Select payment method([Select Payment Method]);
    style Select payment method fill:#33cccc,stroke:#333,stroke-width:2px;
    Proceed to checkout -->|Click on Proceed without address| Review order([Review Order]);
    Review order --> Is payment successful?([Is Payment Successful?]);
    style Is payment successful? fill:#66d9ef,stroke:#333,stroke-width:2px;
    Enter shipping details -->|Submit Shipping Details| Select payment method;
    Select payment method --> Place order([Place Order]);
    style Place order fill:#ff0066,stroke:#333,stroke-width:2px;
"```"","" ```mermaid";
graph TD;
    A[Add item to cart] --> B{Is shipping address correct?};
    B -- Yes --> C[Proceed to checkout];
    C --> D[Enter shipping details];
    D --> E[Select payment method];
    E --> F[Review order];
    F --> G[Place order];
    B -- No --> H[Update shipping address];
    H --> D;
    G --> I{Is payment successful?};
    I -- Yes --> J[Order confirmed];
    I -- No --> K[Payment failed];
    K --> L[Retry payment];
    L --> E;
"```"",""```mermaid";
graph TD;
    A[Add item to cart] --> B[Proceed to checkout];
    B --> C[Enter shipping details];
    C --> D{Is shipping address correct?};
    D -- Yes --> E[Select payment method];
    D -- No --> C;
    E --> F[Review order];
    F --> G{Is payment successful?};
    G -- Yes --> H[Place order];
    G -- No --> E;
"```"",""```mermaid";
graph TD;
    A[Add item to cart] --> B{Proceed to checkout?};
    B -- Yes --> C[Enter shipping details];
    C --> D{Is shipping address correct?};
    D -- Yes --> E[Select payment method];
    D -- No --> F[Edit shipping address];
    E --> G{Is payment successful?};
    G -- Yes --> H[Review order];
    G -- No --> I[Payment failed, retry];
    H --> J[Place order];
;
"```"",""";
```mermaid;
;
graph TD;
;
    subgraph CheckoutProcess[Checkout Process];
;
        A[Add item to cart] --> B[Proceed to checkout];
;
"        C(User Interface) -- """"Review order"""" [/reviewOrderButton]:B";
;
        ;
        D[Enter shipping details (UI)] -. Is address correct?:E;
;
            E[Confirmation] if yes else {F};
;
            ;
        F --> G[Select payment method (ui)];
;
"        H(Payment Gateway) -- """"Verify Payment"""" [/verifyButton]:G";
;
        ;
        I{Is Payment Successful?} -. Confirm:H-J;
;
           J--> K[Place order] ;
           ;
    endsubgraph;
;
"```""";
"Action/Flow,8423,""Create a diagram illustrating the carbon cycle. Include processes such as 'Photosynthesis', 'Respiration', 'Decomposition', 'Combustion', and show how carbon moves through the atmosphere, biosphere, and lithosphere."",""graph TD";
    A[Photosynthesis] --> B[Biosphere];
    B --> C[Respiration];
    C --> D[Atmosphere];
    D --> E[Decomposition];
    E --> F[Lithosphere];
    F --> G[Combustion];
    G --> A[Photosynthesis];,
Generate a valid, syntactically correct MermaidJS Action/Flow.;
;
Input Description: Create a diagram illustrating the carbon cycle. Include processes such as 'Photosynthesis', 'Respiration', 'Decomposition', 'Combustion', and show how carbon moves through the atmosphere, biosphere, and lithosphere.;
;
Specific Rules for this Diagram:;
;
#NAME?;
- Syntax: Use 'graph TD' or 'graph LR'.;
- Branding: Use meaningful labels inside nodes like [User Interface].;
;
;
Format: Respond ONLY with the MermaidJS code block. No conversation.;
,```mermaid;
graph TD;
    Atmosphere[[Carbon Dioxide]] -->|Absorbed by plants|> Photosynthesis[Photosynthesis];
    Photosynthesis[Photosynthesis] -->|Converts CO2 to Glucose|> Biosphere[[Glucose]];
    Biosphere[[Glucose]] -->|Eaten by animals|> Respiration[Respiration];
    Respiration[Respiration] -->|CO2 released back into atmosphere|> Atmosphere[[Carbon Dioxide]];
    Biosphere[[Glucose]] -->|Decomposes and returns to soil|> Decomposition[Decomposition];
    Decomposition[Decomposition] -->|Soil returns to lithosphere|> Lithosphere[[Fossil Fuels]];
    Lithosphere[[Fossil Fuels]] -->|Combustion releases CO2|> Combustion[Combustion];
    Combustion[Combustion] -->|CO2 released back into atmosphere|> Atmosphere[[Carbon Dioxide]];
"```"","" ```mermaid";
graph TD;
    Photosynthesis[Photosynthesis] -->|Releases CO2| Atmosphere[Atmosphere];
    Respiration[Respiration] -->|Consumes O2, Releases CO2| Atmosphere[Atmosphere];
    Decomposition[Decomposition] -->|Releases CO2| Soil[Soil];
    Combustion[Combustion] -->|Releases CO2| Atmosphere[Atmosphere];
    Photosynthesis <--|Absorbs CO2| Biosphere[Biosphere];
    Respiration <--|Consumes CO2| Biosphere[Biosphere];
    Decomposition <--|Absorbs CO2| Biosphere[Biosphere];
    Combustion <--|Absorbs CO2| Lithosphere[Lithosphere];
    Atmosphere -->|Exchange with Biosphere| Biosphere[Biosphere];
    Atmosphere -->|Exchange with Lithosphere| Lithosphere[Lithosphere];
    Soil -->|Mineralization, Formation of Fossil Fuels| Lithosphere[Lithosphere];
"```"",""```mermaid";
graph TD;
    A[Atmosphere] -->|Carbon Dioxide| B[Photosynthesis];
    B -->|Glucose and Oxygen| C[Biosphere];
    C -->|Respiration| D[Carbon Dioxide];
    D --> A;
    C -->|Decomposition| E[Lithosphere];
    E -->|Combustion| F[Carbon Dioxide];
    F --> A;
"```"",""```mermaid";
graph LR;
;
"subgraph """"Atmosphere""""";
    A[Carbon Dioxide] --> B(Photosynthesis);
    B --> C(Plants);
end;
;
"subgraph """"Biosphere""""";
    C --> D(Respiration);
    D --> A;
    E[Animals] --> D;
    F[Decomposition] --> A;
end;
;
"subgraph """"Lithosphere""""";
    G[Fossil Fuels] --> H(Combustion);
    H --> A;
end;
;
;
"```"",""```mermaid";
graph TD;
A[Atmosphere] --> B(Photosynthesis) : CO2 absorbed by plants & algae;
B -- Carbon fixed into biomass --> C[Terrestrial biosphere];
C --> D[Respiration, Decomposition in soil] : Returning carbon to atmosphere and lithosphere as decay products;
D --> E(Soil) : Part of organic matter within the Earth'sup>lithosphere<sub>[User Interface: Soil Components Labelled with Carbon Content Indicator (%)] ;
E -- Sequestered in sediment -> F[Fossil Fuels] [Long-term Storage, Time Scale Noted on Edge {Human Intervention via Extraction}];
B -.-> G(Combustion) : When fossil fuels are burnt for energy release CO2 into the atmosphere directly from lithosphere to biosphere again ;
G --> H[Atmosphere] with increased carbon levels due to anthropogenic activities [Carbon Dioxide Concentration Indicator {Visualization: Line Chart}];
C -- Flow of Carbon in Soil during natural processes back into atmosphere or towards plants and animals : Continuous Cycle within Terrestrial Biosphere ;
"```""";
"Action/Flow,771,""Create a flowchart for an order processing system. Include steps like 'Order Placement', 'Inventory Check', 'Payment Processing', 'Order Fulfillment', 'Shipping', 'Delivery Confirmation', and 'Customer Feedback'."",""graph TD";
  Start-->Order_Placement;
  Order_Placement-->Inventory_Check;
  Inventory_Check-->Payment_Processing;
  Payment_Processing-->Order_Fulfillment;
  Order_Fulfillment-->Shipping;
  Shipping-->Delivery_Confirmation;
  Delivery_Confirmation-->Customer_Feedback;
  Customer_Feedback-->End;,
Generate a valid, syntactically correct MermaidJS Action/Flow.;
;
Input Description: Create a flowchart for an order processing system. Include steps like 'Order Placement', 'Inventory Check', 'Payment Processing', 'Order Fulfillment', 'Shipping', 'Delivery Confirmation', and 'Customer Feedback'.;
;
Specific Rules for this Diagram:;
;
#NAME?;
- Syntax: Use 'graph TD' or 'graph LR'.;
- Branding: Use meaningful labels inside nodes like [User Interface].;
;
;
Format: Respond ONLY with the MermaidJS code block. No conversation.;
,```mermaid;
graph TD;
    User_Interface->>Order_Placement: Place Order;
    Inventory_Check->>Inventory_Check: Check Inventory Availability;
    Order_Placement->>Inventory_Check: Verify Stock Levels;
    Payment_Processing->>Payment_Processing: Process Payment;
    Order_Fulfillment->>Order_Fulfillment: Fulfill Order Items;
    Shipping->>Shipping: Ship Ordered Goods;
    Delivery_Confirmation->>Delivery_Confirmation: Confirm Delivery;
    Customer_Feedback->>Customer_Feedback: Collect Customer Feedback;
    Inventory_Check->>Payment_Processing: Approve Payment After Inventory Check;
    Order_Placement->>Order_Fulfillment: Update Fulfillment Status;
    Payment_Processing->>Shipping: Proceed to Shipping Once Paid;
    Order_Fulfillment->>Delivery_Confirmation: Notify Delivery Confirmation;
    Shipping->>Customer_Feedback: Finalize Order Cycle;
"```"","" ```mermaid";
graph TD;
    A[Order Placement] --> B[Inventory Check];
    B --> C{Inventory Available?};
    C -->|Yes| D[Payment Processing];
    C -->|No| E[Backorder Request];
    D --> F[Order Fulfillment];
    F --> G[Shipping];
    G --> H[Delivery Confirmation];
    H --> I[Customer Feedback];
"```"",""```mermaid";
graph TD;
    A[Order Placement] --> B[Inventory Check];
    B -->|Inventory Available?| C[Payment Processing];
    B -->|Inventory Not Available| E[Notify Customer];
    C --> D[Order Fulfillment];
    D --> F[Shipping];
    F --> G[Delivery Confirmation];
    G --> H[Customer Feedback];
"```"",""```mermaid";
graph TD;
    A[Order Placement] --> B{Inventory Check};
    B -- In Stock --> C{Payment Processing};
    C -- Payment Successful --> D[Order Fulfillment];
    D --> E[Shipping];
    E --> F{Delivery Confirmation};
    F --> G[Customer Feedback];
;
"```"",""";
```mermaid;
;
graph TD;
;
    A[Start] --> B[Order Placement - User Interfaces (UI)];
;
    B --> C[Inventory Check - Backend Systems];
;
"    C -- """"Check In Stock?"""" -->|Yes, Proceed| D[Payment Processing - Bank Integration]";
;
    C ==|No, Out of Stock?| E[Order Cancellation: Notify User & Refund if Applicable];
;
    B --> F[Process Payment Receipt - Backend Systems (After Inventory Confirmation)];
;
    D --> G[Order Fulfillment - Warehousing Solutions, with a backward link to C for stock checking during payment processing. This ensures that the fulfillment process only starts when sufficient inventory is confirmed.];
;
"    F -- """"Payment Successful?"""" --> H[Inventory Check Re-verified (Backend Systems)] [This reiterates validation, as a failed first check should prompt another confirmation to ensure accuracy before proceedthyse continues] ";
;
    G -.-> I[Shipping Arrangement: Choose Carrier & Calculate Costs using Shipper's API];
;
    H --> J[Confirm Payment with Customer (Backend Systems)] [This node ensures that the order can only proceed if payment is confirmed successfully by both systems involved.];
;
    I -.-> K[Dispatch Order: Notify Carrier & Upload Shipping Details using Courier API] ;
;
    J --> L[Customer Feedback Collection: Send Survey to Customer Post-Delivery (Backend Systems)] [This provides a loop back for customer feedback, ensuring they are notified after the process concludes.];
;
    K -.-> M[Log Shipping Details in System] ;
;
    H --> N[End or Repeat Process as per Order Status Updates from Carrier (Backend Systems)] [This keeps track of order statuses and potentially reroutes back to earlier steps if necessary, for example upon receiving customer feedback.];
;
"```""";
